timestamp,open,high,low,close,volume,Dividends,Stock Splits
2025-06-20 09:30:00-04:00,1234.050048828125,1239.7598876953125,1226.4000244140625,1238.719970703125,778358,0.0,0.0
2025-06-20 09:35:00-04:00,1238.5849609375,1246.989990234375,1237.0001220703125,1246.260009765625,159450,0.0,0.0
2025-06-20 09:40:00-04:00,1246.6199951171875,1248.4998779296875,1245.050048828125,1247.526123046875,102422,0.0,0.0
2025-06-20 09:45:00-04:00,1246.52001953125,1246.52001953125,1241.0,1241.635009765625,64966,0.0,0.0
2025-06-20 09:50:00-04:00,1241.7650146484375,1241.93994140625,1238.260009765625,1239.02001953125,40361,0.0,0.0
2025-06-20 09:55:00-04:00,1238.9000244140625,1239.7698974609375,1236.0699462890625,1236.8699951171875,50401,0.0,0.0
2025-06-20 10:00:00-04:00,1236.8199462890625,1239.2099609375,1235.400146484375,1239.0799560546875,31206,0.0,0.0
2025-06-20 10:05:00-04:00,1239.6199951171875,1240.52001953125,1235.0740966796875,1238.0450439453125,42614,0.0,0.0
2025-06-20 10:10:00-04:00,1238.06494140625,1238.06494140625,1234.729248046875,1237.2099609375,36538,0.0,0.0
2025-06-20 10:15:00-04:00,1236.655029296875,1237.6099853515625,1235.219970703125,1236.780029296875,15913,0.0,0.0
2025-06-20 10:20:00-04:00,1236.8599853515625,1237.4903564453125,1231.3499755859375,1231.6600341796875,29618,0.0,0.0
2025-06-20 10:25:00-04:00,1231.300048828125,1234.8599853515625,1230.0001220703125,1233.68994140625,27798,0.0,0.0
2025-06-20 10:30:00-04:00,1232.8719482421875,1234.4849853515625,1231.18994140625,1232.239990234375,16269,0.0,0.0
2025-06-20 10:35:00-04:00,1232.4000244140625,1232.4599609375,1231.4300537109375,1231.97998046875,20451,0.0,0.0
2025-06-20 10:40:00-04:00,1232.050048828125,1232.050048828125,1226.10009765625,1227.8900146484375,50262,0.0,0.0
2025-06-20 10:45:00-04:00,1227.0,1229.1600341796875,1224.5389404296875,1227.3399658203125,46209,0.0,0.0
2025-06-20 10:50:00-04:00,1227.4599609375,1229.58984375,1225.449951171875,1226.8499755859375,37699,0.0,0.0
2025-06-20 10:55:00-04:00,1227.0150146484375,1229.135009765625,1226.5938720703125,1228.094970703125,23076,0.0,0.0
2025-06-20 11:00:00-04:00,1225.75,1226.64990234375,1224.3489990234375,1226.0,26251,0.0,0.0
2025-06-20 11:05:00-04:00,1225.5799560546875,1228.39501953125,1225.5799560546875,1226.969970703125,20146,0.0,0.0
2025-06-20 11:10:00-04:00,1227.5,1229.1700439453125,1227.1600341796875,1228.739990234375,31890,0.0,0.0
2025-06-20 11:15:00-04:00,1229.199951171875,1229.75,1228.0,1229.5699462890625,21996,0.0,0.0
2025-06-20 11:20:00-04:00,1229.550048828125,1230.0,1226.9532470703125,1227.0001220703125,21632,0.0,0.0
2025-06-20 11:25:00-04:00,1227.260009765625,1228.300048828125,1227.1300048828125,1228.280029296875,15470,0.0,0.0
2025-06-20 11:30:00-04:00,1228.0400390625,1229.6099853515625,1227.6400146484375,1229.4320068359375,23393,0.0,0.0
2025-06-20 11:35:00-04:00,1229.0,1229.889892578125,1228.524658203125,1229.889892578125,46468,0.0,0.0
2025-06-20 11:40:00-04:00,1229.4649658203125,1230.4200439453125,1229.4000244140625,1230.050048828125,21471,0.0,0.0
2025-06-20 11:45:00-04:00,1229.25,1229.4000244140625,1227.91015625,1228.800048828125,18350,0.0,0.0
2025-06-20 11:50:00-04:00,1228.699951171875,1228.8050537109375,1225.8800048828125,1225.9200439453125,126998,0.0,0.0
2025-06-20 11:55:00-04:00,1226.2099609375,1226.3399658203125,1225.300048828125,1225.800048828125,15256,0.0,0.0
2025-06-20 12:00:00-04:00,1225.800048828125,1226.1600341796875,1224.43994140625,1225.43505859375,18427,0.0,0.0
2025-06-20 12:05:00-04:00,1225.199951171875,1226.4300537109375,1225.199951171875,1226.030029296875,21330,0.0,0.0
2025-06-20 12:10:00-04:00,1226.344970703125,1228.22998046875,1226.3399658203125,1227.010009765625,83811,0.0,0.0
2025-06-20 12:15:00-04:00,1225.93994140625,1227.0350341796875,1225.449951171875,1226.8900146484375,9106,0.0,0.0
2025-06-20 12:20:00-04:00,1226.8349609375,1227.6700439453125,1225.9000244140625,1226.969970703125,21228,0.0,0.0
2025-06-20 12:25:00-04:00,1227.0849609375,1227.7099609375,1226.72998046875,1227.06005859375,9901,0.0,0.0
2025-06-20 12:30:00-04:00,1227.0699462890625,1228.614990234375,1226.9749755859375,1228.2099609375,16292,0.0,0.0
2025-06-20 12:35:00-04:00,1228.2900390625,1229.6800537109375,1228.155029296875,1229.6199951171875,12409,0.0,0.0
2025-06-20 12:40:00-04:00,1229.3104248046875,1232.1300048828125,1229.091064453125,1232.0,46012,0.0,0.0
2025-06-20 12:45:00-04:00,1232.2650146484375,1233.7999267578125,1231.6400146484375,1232.85498046875,33966,0.0,0.0
2025-06-20 12:50:00-04:00,1233.27001953125,1234.0,1232.5948486328125,1232.860107421875,14274,0.0,0.0
2025-06-20 12:55:00-04:00,1233.4150390625,1235.8199462890625,1233.41015625,1233.68994140625,31786,0.0,0.0
2025-06-20 13:00:00-04:00,1234.219970703125,1235.6099853515625,1233.02001953125,1233.02001953125,16192,0.0,0.0
2025-06-20 13:05:00-04:00,1232.949951171875,1233.050048828125,1232.3299560546875,1232.739990234375,12097,0.0,0.0
2025-06-20 13:10:00-04:00,1232.77001953125,1234.22998046875,1232.77001953125,1234.2249755859375,16702,0.0,0.0
2025-06-20 13:15:00-04:00,1235.1500244140625,1235.989990234375,1234.699951171875,1235.989990234375,40515,0.0,0.0
2025-06-20 13:20:00-04:00,1236.93994140625,1237.53955078125,1235.594970703125,1236.7845458984375,39761,0.0,0.0
2025-06-20 13:25:00-04:00,1236.5001220703125,1237.0081787109375,1231.5001220703125,1231.989990234375,26964,0.0,0.0
2025-06-20 13:30:00-04:00,1231.6700439453125,1231.949951171875,1230.06005859375,1231.2900390625,25885,0.0,0.0
2025-06-20 13:35:00-04:00,1231.0999755859375,1231.0999755859375,1227.6400146484375,1227.6400146484375,20953,0.0,0.0
2025-06-20 13:40:00-04:00,1227.469970703125,1230.0799560546875,1227.469970703125,1228.0799560546875,35955,0.0,0.0
2025-06-20 13:45:00-04:00,1228.0,1228.9000244140625,1226.8800048828125,1227.659912109375,19429,0.0,0.0
2025-06-20 13:50:00-04:00,1227.3299560546875,1228.699951171875,1227.0849609375,1228.2049560546875,158851,0.0,0.0
2025-06-20 13:55:00-04:00,1227.9300537109375,1228.7099609375,1227.18994140625,1227.5,21202,0.0,0.0
2025-06-20 14:00:00-04:00,1227.5400390625,1230.6800537109375,1227.5400390625,1230.6800537109375,26091,0.0,0.0
2025-06-20 14:05:00-04:00,1230.4549560546875,1232.8299560546875,1230.4549560546875,1231.1199951171875,17454,0.0,0.0
2025-06-20 14:10:00-04:00,1231.6300048828125,1232.2049560546875,1231.45849609375,1231.780029296875,17538,0.0,0.0
2025-06-20 14:15:00-04:00,1231.5699462890625,1232.97998046875,1231.3665771484375,1232.7900390625,17010,0.0,0.0
2025-06-20 14:20:00-04:00,1234.1199951171875,1234.22998046875,1232.56005859375,1233.0,20358,0.0,0.0
2025-06-20 14:25:00-04:00,1234.0675048828125,1234.0675048828125,1232.4100341796875,1232.9925537109375,21217,0.0,0.0
2025-06-20 14:30:00-04:00,1232.905029296875,1233.4200439453125,1232.18994140625,1232.6099853515625,16210,0.0,0.0
2025-06-20 14:35:00-04:00,1233.1158447265625,1233.1158447265625,1231.43994140625,1231.8399658203125,20711,0.0,0.0
2025-06-20 14:40:00-04:00,1231.8104248046875,1231.8199462890625,1229.4776611328125,1230.135009765625,17674,0.0,0.0
2025-06-20 14:45:00-04:00,1229.8399658203125,1230.97998046875,1229.60498046875,1230.9549560546875,14991,0.0,0.0
2025-06-20 14:50:00-04:00,1231.22998046875,1231.489990234375,1229.010009765625,1229.14501953125,21712,0.0,0.0
2025-06-20 14:55:00-04:00,1229.1300048828125,1229.4599609375,1227.1002197265625,1228.4000244140625,20318,0.0,0.0
2025-06-20 15:00:00-04:00,1227.9366455078125,1230.3499755859375,1227.9366455078125,1230.3499755859375,30967,0.0,0.0
2025-06-20 15:05:00-04:00,1230.3499755859375,1230.6400146484375,1229.469970703125,1230.25,12953,0.0,0.0
2025-06-20 15:10:00-04:00,1229.6400146484375,1231.43994140625,1229.6400146484375,1230.4200439453125,14258,0.0,0.0
2025-06-20 15:15:00-04:00,1230.27001953125,1232.476318359375,1230.1590576171875,1231.47998046875,29018,0.0,0.0
2025-06-20 15:20:00-04:00,1231.3499755859375,1231.5015869140625,1230.0,1230.75,14779,0.0,0.0
2025-06-20 15:25:00-04:00,1230.8699951171875,1231.169921875,1229.9100341796875,1230.5400390625,21496,0.0,0.0
2025-06-20 15:30:00-04:00,1230.949951171875,1231.30810546875,1229.75,1230.6199951171875,24549,0.0,0.0
2025-06-20 15:35:00-04:00,1230.838623046875,1231.3399658203125,1230.199951171875,1230.2850341796875,30424,0.0,0.0
2025-06-20 15:40:00-04:00,1229.844970703125,1230.4599609375,1229.52001953125,1230.050048828125,27420,0.0,0.0
2025-06-20 15:45:00-04:00,1230.0450439453125,1231.75,1230.0450439453125,1231.4150390625,48477,0.0,0.0
2025-06-20 15:50:00-04:00,1231.72998046875,1232.0,1225.0,1229.0550537109375,164244,0.0,0.0
2025-06-20 15:55:00-04:00,1230.97998046875,1232.8199462890625,1229.824951171875,1231.1800537109375,215666,0.0,0.0
2025-06-23 09:30:00-04:00,1237.1400146484375,1238.22998046875,1215.010009765625,1222.239990234375,190442,0.0,0.0
2025-06-23 09:35:00-04:00,1223.999755859375,1232.760009765625,1221.6700439453125,1232.300048828125,43484,0.0,0.0
2025-06-23 09:40:00-04:00,1233.27001953125,1237.469970703125,1232.2779541015625,1237.469970703125,40786,0.0,0.0
2025-06-23 09:45:00-04:00,1238.0849609375,1239.5,1233.9600830078125,1239.0799560546875,31842,0.0,0.0
2025-06-23 09:50:00-04:00,1239.0799560546875,1239.280029296875,1236.01611328125,1236.4949951171875,22579,0.0,0.0
2025-06-23 09:55:00-04:00,1236.4599609375,1237.0,1234.050048828125,1234.8900146484375,24698,0.0,0.0
2025-06-23 10:00:00-04:00,1235.31005859375,1235.77001953125,1231.81005859375,1234.68994140625,23810,0.0,0.0
2025-06-23 10:05:00-04:00,1235.0699462890625,1237.10986328125,1234.2900390625,1236.06005859375,28688,0.0,0.0
2025-06-23 10:10:00-04:00,1236.06005859375,1240.5150146484375,1236.06005859375,1240.0550537109375,57739,0.0,0.0
2025-06-23 10:15:00-04:00,1240.1199951171875,1243.8489990234375,1238.0,1243.52001953125,51837,0.0,0.0
2025-06-23 10:20:00-04:00,1243.9200439453125,1246.5050048828125,1243.0101318359375,1245.995361328125,60979,0.0,0.0
2025-06-23 10:25:00-04:00,1245.675048828125,1248.199951171875,1244.52001953125,1244.52001953125,55189,0.0,0.0
2025-06-23 10:30:00-04:00,1244.6064453125,1246.39990234375,1242.81005859375,1244.9100341796875,28417,0.0,0.0
2025-06-23 10:35:00-04:00,1245.0,1245.6099853515625,1243.52001953125,1244.3499755859375,14542,0.0,0.0
2025-06-23 10:40:00-04:00,1245.010009765625,1246.0,1244.5,1244.714599609375,14557,0.0,0.0
2025-06-23 10:45:00-04:00,1245.260009765625,1246.344970703125,1242.9649658203125,1243.75,23695,0.0,0.0
2025-06-23 10:50:00-04:00,1245.0,1247.0899658203125,1244.97998046875,1246.4676513671875,21704,0.0,0.0
2025-06-23 10:55:00-04:00,1246.2958984375,1246.625,1242.765869140625,1243.1700439453125,16451,0.0,0.0
2025-06-23 11:00:00-04:00,1243.3800048828125,1245.8800048828125,1243.3800048828125,1245.2650146484375,18895,0.0,0.0
2025-06-23 11:05:00-04:00,1246.280029296875,1247.8499755859375,1244.75,1247.849853515625,28641,0.0,0.0
2025-06-23 11:10:00-04:00,1248.4150390625,1250.239990234375,1248.280029296875,1249.9200439453125,65500,0.0,0.0
2025-06-23 11:15:00-04:00,1249.52001953125,1249.52001953125,1248.6207275390625,1248.9200439453125,40051,0.0,0.0
2025-06-23 11:20:00-04:00,1248.2449951171875,1248.7950439453125,1247.64013671875,1248.239990234375,35390,0.0,0.0
2025-06-23 11:25:00-04:00,1248.0999755859375,1248.125,1244.0,1245.3699951171875,20539,0.0,0.0
2025-06-23 11:30:00-04:00,1243.0150146484375,1243.969970703125,1243.0150146484375,1243.7127685546875,19190,0.0,0.0
2025-06-23 11:35:00-04:00,1243.9599609375,1244.1500244140625,1241.550048828125,1241.550048828125,17145,0.0,0.0
2025-06-23 11:40:00-04:00,1241.550048828125,1242.3721923828125,1241.0400390625,1241.22998046875,14628,0.0,0.0
2025-06-23 11:45:00-04:00,1241.3699951171875,1241.9998779296875,1239.625,1239.625,23445,0.0,0.0
2025-06-23 11:50:00-04:00,1240.0899658203125,1241.8599853515625,1240.0899658203125,1240.3900146484375,12191,0.0,0.0
2025-06-23 11:55:00-04:00,1240.8699951171875,1242.3800048828125,1239.8927001953125,1239.8927001953125,17495,0.0,0.0
2025-06-23 12:00:00-04:00,1240.260009765625,1241.8599853515625,1240.0,1241.800048828125,11353,0.0,0.0
2025-06-23 12:05:00-04:00,1241.8599853515625,1241.8599853515625,1240.0999755859375,1240.5550537109375,7321,0.0,0.0
2025-06-23 12:10:00-04:00,1240.198486328125,1241.56494140625,1240.198486328125,1240.4000244140625,8716,0.0,0.0
2025-06-23 12:15:00-04:00,1240.949951171875,1240.949951171875,1238.3616943359375,1238.489990234375,17430,0.0,0.0
2025-06-23 12:20:00-04:00,1239.011962890625,1239.011962890625,1236.85009765625,1237.4599609375,19416,0.0,0.0
2025-06-23 12:25:00-04:00,1237.6500244140625,1237.81005859375,1236.5,1236.5,12180,0.0,0.0
2025-06-23 12:30:00-04:00,1236.1700439453125,1236.6099853515625,1235.0,1235.0,14966,0.0,0.0
2025-06-23 12:35:00-04:00,1234.125,1236.81494140625,1232.0,1236.81494140625,29500,0.0,0.0
2025-06-23 12:40:00-04:00,1235.510009765625,1241.9364013671875,1235.510009765625,1240.33203125,17479,0.0,0.0
2025-06-23 12:45:00-04:00,1240.93994140625,1242.0,1239.1844482421875,1240.219970703125,17948,0.0,0.0
2025-06-23 12:50:00-04:00,1240.52001953125,1242.5999755859375,1240.0,1241.4000244140625,17072,0.0,0.0
2025-06-23 12:55:00-04:00,1239.0050048828125,1241.989990234375,1239.0050048828125,1240.6500244140625,4330,0.0,0.0
2025-06-23 13:00:00-04:00,1239.5,1242.5899658203125,1239.0,1242.3125,14264,0.0,0.0
2025-06-23 13:05:00-04:00,1243.0,1243.0400390625,1240.5450439453125,1242.550048828125,17954,0.0,0.0
2025-06-23 13:10:00-04:00,1243.0,1244.10986328125,1241.9300537109375,1242.7850341796875,17196,0.0,0.0
2025-06-23 13:15:00-04:00,1242.7900390625,1244.419921875,1242.4300537109375,1243.239990234375,15350,0.0,0.0
2025-06-23 13:20:00-04:00,1243.8050537109375,1245.5899658203125,1243.8050537109375,1245.5899658203125,24648,0.0,0.0
2025-06-23 13:25:00-04:00,1245.469970703125,1247.1650390625,1244.8199462890625,1246.699951171875,24297,0.0,0.0
2025-06-23 13:30:00-04:00,1246.7099609375,1248.9998779296875,1246.7099609375,1247.8524169921875,22241,0.0,0.0
2025-06-23 13:35:00-04:00,1247.8699951171875,1248.7750244140625,1247.640869140625,1248.7249755859375,19057,0.0,0.0
2025-06-23 13:40:00-04:00,1247.8499755859375,1248.1650390625,1247.3299560546875,1247.620849609375,8625,0.0,0.0
2025-06-23 13:45:00-04:00,1248.14501953125,1249.199951171875,1248.14501953125,1248.5,12770,0.0,0.0
2025-06-23 13:50:00-04:00,1248.52001953125,1248.8035888671875,1247.94970703125,1248.8035888671875,6451,0.0,0.0
2025-06-23 13:55:00-04:00,1248.5050048828125,1248.8485107421875,1247.2540283203125,1247.56005859375,12898,0.0,0.0
2025-06-23 14:00:00-04:00,1247.4205322265625,1248.550048828125,1246.93994140625,1248.3499755859375,12458,0.0,0.0
2025-06-23 14:05:00-04:00,1248.6500244140625,1249.2099609375,1248.5400390625,1248.5400390625,13517,0.0,0.0
2025-06-23 14:10:00-04:00,1248.5899658203125,1248.5899658203125,1247.6600341796875,1247.824951171875,7917,0.0,0.0
2025-06-23 14:15:00-04:00,1248.402587890625,1248.402587890625,1247.06005859375,1247.23974609375,12534,0.0,0.0
2025-06-23 14:20:00-04:00,1248.0,1248.289794921875,1247.22998046875,1247.5550537109375,6397,0.0,0.0
2025-06-23 14:25:00-04:00,1247.5550537109375,1248.3299560546875,1247.5550537109375,1247.73095703125,8871,0.0,0.0
2025-06-23 14:30:00-04:00,1247.9200439453125,1248.489990234375,1247.2392578125,1248.300048828125,21021,0.0,0.0
2025-06-23 14:35:00-04:00,1248.0899658203125,1248.5899658203125,1247.219970703125,1247.6400146484375,11186,0.0,0.0
2025-06-23 14:40:00-04:00,1247.5250244140625,1248.4998779296875,1247.4000244140625,1247.9200439453125,12363,0.0,0.0
2025-06-23 14:45:00-04:00,1247.802490234375,1248.4599609375,1247.802490234375,1248.0450439453125,10954,0.0,0.0
2025-06-23 14:50:00-04:00,1248.8599853515625,1249.5799560546875,1248.4599609375,1248.5550537109375,17498,0.0,0.0
2025-06-23 14:55:00-04:00,1249.1400146484375,1249.6336669921875,1248.969970703125,1249.0450439453125,13923,0.0,0.0
2025-06-23 15:00:00-04:00,1249.0550537109375,1251.6600341796875,1249.0550537109375,1250.64501953125,27896,0.0,0.0
2025-06-23 15:05:00-04:00,1250.64501953125,1250.64501953125,1249.300048828125,1249.300048828125,19849,0.0,0.0
2025-06-23 15:10:00-04:00,1250.030029296875,1250.219970703125,1249.300048828125,1250.0400390625,10953,0.0,0.0
2025-06-23 15:15:00-04:00,1249.925048828125,1249.925048828125,1248.012939453125,1248.3900146484375,17951,0.0,0.0
2025-06-23 15:20:00-04:00,1248.43994140625,1249.7850341796875,1248.4000244140625,1249.7850341796875,13164,0.0,0.0
2025-06-23 15:25:00-04:00,1249.5799560546875,1251.5,1249.4949951171875,1251.1650390625,16170,0.0,0.0
2025-06-23 15:30:00-04:00,1251.280029296875,1252.219970703125,1250.8701171875,1252.219970703125,24079,0.0,0.0
2025-06-23 15:35:00-04:00,1252.199951171875,1253.0699462890625,1251.699951171875,1252.8199462890625,27347,0.0,0.0
2025-06-23 15:40:00-04:00,1252.800048828125,1253.8299560546875,1252.52001953125,1252.9588623046875,29399,0.0,0.0
2025-06-23 15:45:00-04:00,1253.405029296875,1253.8399658203125,1252.1009521484375,1253.81005859375,31668,0.0,0.0
2025-06-23 15:50:00-04:00,1253.8199462890625,1254.3900146484375,1250.489990234375,1252.792236328125,81282,0.0,0.0
2025-06-23 15:55:00-04:00,1252.5150146484375,1254.8399658203125,1252.0101318359375,1253.3599853515625,112439,0.0,0.0
2025-06-24 09:30:00-04:00,1260.5450439453125,1262.58984375,1255.3499755859375,1260.800048828125,213820,0.0,0.0
2025-06-24 09:35:00-04:00,1261.06005859375,1264.0400390625,1257.8323974609375,1264.0400390625,70899,0.0,0.0
2025-06-24 09:40:00-04:00,1264.06005859375,1268.9998779296875,1262.5699462890625,1264.1099853515625,80518,0.0,0.0
2025-06-24 09:45:00-04:00,1264.0,1266.279541015625,1263.68505859375,1263.719970703125,53307,0.0,0.0
2025-06-24 09:50:00-04:00,1264.1600341796875,1267.68994140625,1264.1600341796875,1265.885009765625,35622,0.0,0.0
2025-06-24 09:55:00-04:00,1265.0069580078125,1270.489990234375,1264.0224609375,1269.3599853515625,70855,0.0,0.0
2025-06-24 10:00:00-04:00,1269.4200439453125,1274.119873046875,1269.0699462890625,1272.199951171875,76143,0.0,0.0
2025-06-24 10:05:00-04:00,1272.2099609375,1274.1600341796875,1270.9700927734375,1273.0899658203125,65044,0.0,0.0
2025-06-24 10:10:00-04:00,1273.010009765625,1276.0,1272.8399658203125,1274.7498779296875,58916,0.0,0.0
2025-06-24 10:15:00-04:00,1274.050048828125,1274.4100341796875,1271.6199951171875,1273.262939453125,31316,0.0,0.0
2025-06-24 10:20:00-04:00,1274.0,1274.0,1272.1700439453125,1272.72998046875,16942,0.0,0.0
2025-06-24 10:25:00-04:00,1272.594970703125,1273.39501953125,1271.110107421875,1272.572021484375,25510,0.0,0.0
2025-06-24 10:30:00-04:00,1272.4539794921875,1273.3299560546875,1271.9737548828125,1273.1199951171875,21639,0.0,0.0
2025-06-24 10:35:00-04:00,1273.1199951171875,1274.0799560546875,1272.0899658203125,1274.02587890625,24473,0.0,0.0
2025-06-24 10:40:00-04:00,1273.6949462890625,1273.8299560546875,1272.9000244140625,1273.050048828125,13634,0.0,0.0
2025-06-24 10:45:00-04:00,1273.5,1273.56005859375,1272.1400146484375,1272.969970703125,22829,0.0,0.0
2025-06-24 10:50:00-04:00,1272.5999755859375,1273.7099609375,1272.25,1272.9549560546875,18029,0.0,0.0
2025-06-24 10:55:00-04:00,1273.68994140625,1275.0,1272.489990234375,1273.0,29617,0.0,0.0
2025-06-24 11:00:00-04:00,1273.4300537109375,1275.489990234375,1272.60009765625,1274.300048828125,24743,0.0,0.0
2025-06-24 11:05:00-04:00,1274.06005859375,1275.82275390625,1274.06005859375,1274.5,31910,0.0,0.0
2025-06-24 11:10:00-04:00,1274.6800537109375,1275.18994140625,1274.340087890625,1275.18994140625,24740,0.0,0.0
2025-06-24 11:15:00-04:00,1276.8599853515625,1278.7899169921875,1276.5699462890625,1278.4000244140625,99608,0.0,0.0
2025-06-24 11:20:00-04:00,1278.300048828125,1280.2099609375,1278.1400146484375,1279.5341796875,41501,0.0,0.0
2025-06-24 11:25:00-04:00,1279.1400146484375,1280.0,1279.0108642578125,1279.550048828125,24410,0.0,0.0
2025-06-24 11:30:00-04:00,1279.2550048828125,1279.2550048828125,1278.0,1278.0899658203125,27296,0.0,0.0
2025-06-24 11:35:00-04:00,1278.18994140625,1279.9300537109375,1278.010009765625,1279.43505859375,23969,0.0,0.0
2025-06-24 11:40:00-04:00,1279.894287109375,1280.0400390625,1279.010009765625,1279.6700439453125,21072,0.0,0.0
2025-06-24 11:45:00-04:00,1279.239990234375,1279.239990234375,1277.4417724609375,1278.864990234375,19367,0.0,0.0
2025-06-24 11:50:00-04:00,1278.875,1279.413330078125,1278.199951171875,1278.969970703125,11492,0.0,0.0
2025-06-24 11:55:00-04:00,1278.300048828125,1279.2198486328125,1277.27001953125,1277.7099609375,14493,0.0,0.0
2025-06-24 12:00:00-04:00,1277.4300537109375,1277.77001953125,1276.93994140625,1277.6300048828125,21430,0.0,0.0
2025-06-24 12:05:00-04:00,1277.3599853515625,1277.5091552734375,1276.3900146484375,1276.5399169921875,16005,0.0,0.0
2025-06-24 12:10:00-04:00,1276.3499755859375,1277.5,1276.0201416015625,1277.5,16425,0.0,0.0
2025-06-24 12:15:00-04:00,1276.75,1276.93505859375,1275.5999755859375,1275.5999755859375,40441,0.0,0.0
2025-06-24 12:20:00-04:00,1276.1949462890625,1276.719970703125,1275.0,1276.1400146484375,16153,0.0,0.0
2025-06-24 12:25:00-04:00,1275.9000244140625,1277.3193359375,1275.9000244140625,1276.9599609375,10589,0.0,0.0
2025-06-24 12:30:00-04:00,1276.64501953125,1277.5,1276.1199951171875,1276.1300048828125,10193,0.0,0.0
2025-06-24 12:35:00-04:00,1277.300048828125,1277.3232421875,1276.6300048828125,1276.6500244140625,10581,0.0,0.0
2025-06-24 12:40:00-04:00,1276.530029296875,1277.1878662109375,1276.43994140625,1276.7900390625,9175,0.0,0.0
2025-06-24 12:45:00-04:00,1276.4200439453125,1276.9100341796875,1276.2349853515625,1276.2349853515625,14349,0.0,0.0
2025-06-24 12:50:00-04:00,1276.5699462890625,1276.5699462890625,1274.25,1274.4100341796875,21217,0.0,0.0
2025-06-24 12:55:00-04:00,1274.766357421875,1276.31005859375,1274.5101318359375,1275.9500732421875,10638,0.0,0.0
2025-06-24 13:00:00-04:00,1276.6099853515625,1277.489990234375,1275.949951171875,1276.07275390625,12935,0.0,0.0
2025-06-24 13:05:00-04:00,1276.0665283203125,1276.93603515625,1275.8599853515625,1276.56005859375,8952,0.0,0.0
2025-06-24 13:10:00-04:00,1276.449951171875,1277.255859375,1276.449951171875,1276.625,6889,0.0,0.0
2025-06-24 13:15:00-04:00,1276.5250244140625,1276.5250244140625,1274.7099609375,1274.739990234375,8870,0.0,0.0
2025-06-24 13:20:00-04:00,1274.9510498046875,1275.6600341796875,1274.93994140625,1275.2149658203125,13107,0.0,0.0
2025-06-24 13:25:00-04:00,1275.719970703125,1275.93994140625,1275.010009765625,1275.93994140625,10686,0.0,0.0
2025-06-24 13:30:00-04:00,1276.1199951171875,1276.740966796875,1276.06005859375,1276.701171875,5253,0.0,0.0
2025-06-24 13:35:00-04:00,1276.6650390625,1277.760009765625,1276.280029296875,1277.1949462890625,13961,0.0,0.0
2025-06-24 13:40:00-04:00,1277.58984375,1278.920166015625,1277.4100341796875,1278.920166015625,14116,0.0,0.0
2025-06-24 13:45:00-04:00,1278.4000244140625,1279.599853515625,1277.630126953125,1279.0849609375,16079,0.0,0.0
2025-06-24 13:50:00-04:00,1278.6300048828125,1278.6700439453125,1278.1199951171875,1278.3900146484375,10518,0.0,0.0
2025-06-24 13:55:00-04:00,1278.530029296875,1278.925048828125,1278.530029296875,1278.75,10479,0.0,0.0
2025-06-24 14:00:00-04:00,1278.739990234375,1279.0400390625,1278.280029296875,1278.5999755859375,12647,0.0,0.0
2025-06-24 14:05:00-04:00,1278.699951171875,1279.7685546875,1277.6025390625,1279.6099853515625,14891,0.0,0.0
2025-06-24 14:10:00-04:00,1279.510009765625,1279.7899169921875,1278.949951171875,1278.949951171875,9631,0.0,0.0
2025-06-24 14:15:00-04:00,1279.4100341796875,1279.7498779296875,1278.219970703125,1278.6500244140625,11996,0.0,0.0
2025-06-24 14:20:00-04:00,1279.0,1279.7099609375,1278.905029296875,1279.00634765625,10997,0.0,0.0
2025-06-24 14:25:00-04:00,1279.3399658203125,1279.47998046875,1278.72998046875,1279.0,11338,0.0,0.0
2025-06-24 14:30:00-04:00,1278.72998046875,1278.885009765625,1277.77001953125,1277.9000244140625,18088,0.0,0.0
2025-06-24 14:35:00-04:00,1277.7900390625,1278.9300537109375,1277.7900390625,1278.4000244140625,18914,0.0,0.0
2025-06-24 14:40:00-04:00,1278.3699951171875,1280.050048828125,1278.22998046875,1279.5550537109375,24510,0.0,0.0
2025-06-24 14:45:00-04:00,1279.5550537109375,1279.93994140625,1279.0,1279.4000244140625,10643,0.0,0.0
2025-06-24 14:50:00-04:00,1279.2874755859375,1279.811767578125,1279.0,1279.811767578125,17233,0.0,0.0
2025-06-24 14:55:00-04:00,1279.7750244140625,1280.72998046875,1279.4100341796875,1280.56005859375,20729,0.0,0.0
2025-06-24 15:00:00-04:00,1280.510009765625,1281.6309814453125,1280.510009765625,1281.4150390625,15710,0.0,0.0
2025-06-24 15:05:00-04:00,1281.387939453125,1282.571044921875,1281.387939453125,1281.8677978515625,41174,0.0,0.0
2025-06-24 15:10:00-04:00,1281.449951171875,1281.5987548828125,1280.010009765625,1280.375,16323,0.0,0.0
2025-06-24 15:15:00-04:00,1280.5899658203125,1280.5999755859375,1280.0,1280.3399658203125,21943,0.0,0.0
2025-06-24 15:20:00-04:00,1280.199951171875,1280.31494140625,1279.1800537109375,1279.800048828125,17117,0.0,0.0
2025-06-24 15:25:00-04:00,1279.8599853515625,1279.865966796875,1278.75,1279.2039794921875,17302,0.0,0.0
2025-06-24 15:30:00-04:00,1278.75,1279.25,1277.760009765625,1278.5400390625,27061,0.0,0.0
2025-06-24 15:35:00-04:00,1278.1700439453125,1278.239990234375,1277.47998046875,1278.187255859375,17177,0.0,0.0
2025-06-24 15:40:00-04:00,1278.1300048828125,1278.3499755859375,1277.580078125,1278.1700439453125,20465,0.0,0.0
2025-06-24 15:45:00-04:00,1278.3399658203125,1279.43994140625,1277.949951171875,1279.155029296875,25543,0.0,0.0
2025-06-24 15:50:00-04:00,1279.3399658203125,1280.8582763671875,1278.4373779296875,1278.8199462890625,72172,0.0,0.0
2025-06-24 15:55:00-04:00,1278.260009765625,1279.6400146484375,1277.60009765625,1279.198974609375,130443,0.0,0.0
2025-06-25 09:30:00-04:00,1286.8399658203125,1297.7899169921875,1286.8399658203125,1288.780029296875,202318,0.0,0.0
2025-06-25 09:35:00-04:00,1289.280029296875,1294.5999755859375,1286.0,1288.885009765625,67872,0.0,0.0
2025-06-25 09:40:00-04:00,1288.8900146484375,1293.159912109375,1288.5,1289.597900390625,75986,0.0,0.0
2025-06-25 09:45:00-04:00,1290.530029296875,1295.68994140625,1290.1199951171875,1293.719970703125,58671,0.0,0.0
2025-06-25 09:50:00-04:00,1292.0999755859375,1296.6500244140625,1291.0,1295.469970703125,44407,0.0,0.0
2025-06-25 09:55:00-04:00,1295.3900146484375,1297.9998779296875,1295.0001220703125,1295.9449462890625,51430,0.0,0.0
2025-06-25 10:00:00-04:00,1296.1099853515625,1296.485595703125,1293.0001220703125,1294.0999755859375,39177,0.0,0.0
2025-06-25 10:05:00-04:00,1293.3382568359375,1294.0,1290.5899658203125,1290.9300537109375,37069,0.0,0.0
2025-06-25 10:10:00-04:00,1292.0550537109375,1292.780029296875,1289.0,1290.0,24527,0.0,0.0
2025-06-25 10:15:00-04:00,1289.5,1291.5899658203125,1287.300048828125,1287.300048828125,25608,0.0,0.0
2025-06-25 10:20:00-04:00,1287.300048828125,1289.8800048828125,1287.1949462890625,1289.447998046875,37204,0.0,0.0
2025-06-25 10:25:00-04:00,1288.97998046875,1291.364990234375,1288.97998046875,1291.2799072265625,25619,0.0,0.0
2025-06-25 10:30:00-04:00,1290.8399658203125,1292.5899658203125,1290.7501220703125,1292.0999755859375,15459,0.0,0.0
2025-06-25 10:35:00-04:00,1292.0999755859375,1292.52001953125,1290.362548828125,1290.989990234375,29328,0.0,0.0
2025-06-25 10:40:00-04:00,1290.5699462890625,1291.8299560546875,1289.4400634765625,1289.760009765625,16195,0.0,0.0
2025-06-25 10:45:00-04:00,1290.094970703125,1290.2049560546875,1287.5699462890625,1288.5899658203125,27264,0.0,0.0
2025-06-25 10:50:00-04:00,1288.199951171875,1288.199951171875,1285.780029296875,1286.6700439453125,21186,0.0,0.0
2025-06-25 10:55:00-04:00,1287.103759765625,1287.2099609375,1286.0,1286.2099609375,17207,0.0,0.0
2025-06-25 11:00:00-04:00,1286.2149658203125,1286.5699462890625,1283.3399658203125,1283.949951171875,23209,0.0,0.0
2025-06-25 11:05:00-04:00,1284.3800048828125,1286.2398681640625,1283.7896728515625,1285.68994140625,19541,0.0,0.0
2025-06-25 11:10:00-04:00,1285.6600341796875,1285.6600341796875,1283.662353515625,1284.5400390625,18634,0.0,0.0
2025-06-25 11:15:00-04:00,1284.6500244140625,1285.0,1284.0,1284.47998046875,22146,0.0,0.0
2025-06-25 11:20:00-04:00,1284.0999755859375,1284.0999755859375,1282.469970703125,1283.844970703125,30479,0.0,0.0
2025-06-25 11:25:00-04:00,1284.6600341796875,1285.675048828125,1284.5,1285.159912109375,15972,0.0,0.0
2025-06-25 11:30:00-04:00,1284.0,1284.0,1281.916015625,1282.81005859375,27141,0.0,0.0
2025-06-25 11:35:00-04:00,1283.5699462890625,1284.2850341796875,1283.5699462890625,1284.06005859375,10128,0.0,0.0
2025-06-25 11:40:00-04:00,1283.9840087890625,1283.9840087890625,1281.010009765625,1281.635009765625,21555,0.0,0.0
2025-06-25 11:45:00-04:00,1281.6600341796875,1282.4100341796875,1281.487548828125,1282.22998046875,16872,0.0,0.0
2025-06-25 11:50:00-04:00,1282.300048828125,1282.9371337890625,1282.300048828125,1282.837646484375,13716,0.0,0.0
2025-06-25 11:55:00-04:00,1282.5350341796875,1282.7550048828125,1282.0,1282.7550048828125,10001,0.0,0.0
2025-06-25 12:00:00-04:00,1282.4549560546875,1283.199951171875,1282.0911865234375,1282.824951171875,11224,0.0,0.0
2025-06-25 12:05:00-04:00,1282.824951171875,1282.93994140625,1280.0,1280.0,23916,0.0,0.0
2025-06-25 12:10:00-04:00,1279.780029296875,1280.8499755859375,1278.6500244140625,1280.760009765625,23732,0.0,0.0
2025-06-25 12:15:00-04:00,1280.564453125,1281.3499755859375,1280.1048583984375,1280.1048583984375,10061,0.0,0.0
2025-06-25 12:20:00-04:00,1280.9649658203125,1281.5533447265625,1280.3699951171875,1281.550048828125,12881,0.0,0.0
2025-06-25 12:25:00-04:00,1281.88330078125,1281.88330078125,1279.5699462890625,1280.29296875,12010,0.0,0.0
2025-06-25 12:30:00-04:00,1279.6199951171875,1280.373779296875,1279.614990234375,1280.373779296875,10192,0.0,0.0
2025-06-25 12:35:00-04:00,1280.5672607421875,1280.5672607421875,1279.7349853515625,1279.9599609375,6695,0.0,0.0
2025-06-25 12:40:00-04:00,1279.47998046875,1280.72998046875,1279.280029296875,1280.570556640625,11814,0.0,0.0
2025-06-25 12:45:00-04:00,1280.2049560546875,1280.2049560546875,1279.4200439453125,1279.4200439453125,9144,0.0,0.0
2025-06-25 12:50:00-04:00,1280.199951171875,1281.419921875,1279.9300537109375,1280.5899658203125,11009,0.0,0.0
2025-06-25 12:55:00-04:00,1280.8399658203125,1282.469970703125,1280.5,1281.06494140625,13846,0.0,0.0
2025-06-25 13:00:00-04:00,1281.06494140625,1281.0999755859375,1280.5,1281.030029296875,11471,0.0,0.0
2025-06-25 13:05:00-04:00,1280.9599609375,1281.030029296875,1280.13916015625,1280.31005859375,12721,0.0,0.0
2025-06-25 13:10:00-04:00,1280.6300048828125,1282.27001953125,1280.4599609375,1281.9100341796875,18651,0.0,0.0
2025-06-25 13:15:00-04:00,1281.6943359375,1282.375,1280.8172607421875,1281.8900146484375,10831,0.0,0.0
2025-06-25 13:20:00-04:00,1282.030029296875,1283.425048828125,1282.030029296875,1283.425048828125,10228,0.0,0.0
2025-06-25 13:25:00-04:00,1283.56494140625,1284.0299072265625,1282.9150390625,1283.3499755859375,12796,0.0,0.0
2025-06-25 13:30:00-04:00,1283.8199462890625,1283.8199462890625,1281.623046875,1281.9649658203125,10581,0.0,0.0
2025-06-25 13:35:00-04:00,1281.8699951171875,1282.06005859375,1281.280029296875,1281.85498046875,9189,0.0,0.0
2025-06-25 13:40:00-04:00,1281.8599853515625,1281.8599853515625,1280.5101318359375,1281.449951171875,9724,0.0,0.0
2025-06-25 13:45:00-04:00,1281.1099853515625,1282.0,1280.5550537109375,1282.0,12949,0.0,0.0
2025-06-25 13:50:00-04:00,1281.5699462890625,1282.4599609375,1281.3800048828125,1281.9849853515625,16680,0.0,0.0
2025-06-25 13:55:00-04:00,1281.987548828125,1282.6298828125,1281.9150390625,1281.9488525390625,2782,0.0,0.0
2025-06-25 14:00:00-04:00,1282.52001953125,1282.52001953125,1280.989990234375,1281.5999755859375,10270,0.0,0.0
2025-06-25 14:05:00-04:00,1281.5999755859375,1281.6290283203125,1281.0400390625,1281.0400390625,6187,0.0,0.0
2025-06-25 14:10:00-04:00,1281.5150146484375,1282.0699462890625,1280.77001953125,1280.77001953125,10849,0.0,0.0
2025-06-25 14:15:00-04:00,1281.449951171875,1281.449951171875,1280.328857421875,1280.8349609375,8267,0.0,0.0
2025-06-25 14:20:00-04:00,1280.89501953125,1281.0,1280.25,1280.3599853515625,11447,0.0,0.0
2025-06-25 14:25:00-04:00,1280.239990234375,1281.3499755859375,1279.6099853515625,1281.3499755859375,10978,0.0,0.0
2025-06-25 14:30:00-04:00,1281.02001953125,1281.219970703125,1279.5699462890625,1279.969970703125,17313,0.0,0.0
2025-06-25 14:35:00-04:00,1279.9549560546875,1280.280029296875,1279.1099853515625,1279.31005859375,18610,0.0,0.0
2025-06-25 14:40:00-04:00,1279.2236328125,1279.2900390625,1278.5400390625,1278.739990234375,20234,0.0,0.0
2025-06-25 14:45:00-04:00,1278.280029296875,1279.083984375,1278.0,1278.489990234375,20438,0.0,0.0
2025-06-25 14:50:00-04:00,1278.56005859375,1278.97998046875,1276.5743408203125,1276.699951171875,20800,0.0,0.0
2025-06-25 14:55:00-04:00,1276.719970703125,1277.4649658203125,1276.675048828125,1277.1201171875,13899,0.0,0.0
2025-06-25 15:00:00-04:00,1277.25,1278.0389404296875,1277.0,1277.0,13331,0.0,0.0
2025-06-25 15:05:00-04:00,1276.75,1277.3599853515625,1276.0711669921875,1277.06005859375,16792,0.0,0.0
2025-06-25 15:10:00-04:00,1277.0,1277.9100341796875,1276.8499755859375,1277.0347900390625,12545,0.0,0.0
2025-06-25 15:15:00-04:00,1277.0999755859375,1277.4200439453125,1276.52001953125,1277.0301513671875,17351,0.0,0.0
2025-06-25 15:20:00-04:00,1276.7440185546875,1276.8599853515625,1275.530029296875,1275.530029296875,24125,0.0,0.0
2025-06-25 15:25:00-04:00,1275.989990234375,1276.43994140625,1275.3399658203125,1275.3399658203125,16827,0.0,0.0
2025-06-25 15:30:00-04:00,1275.5350341796875,1275.5550537109375,1274.10009765625,1274.989990234375,19415,0.0,0.0
2025-06-25 15:35:00-04:00,1274.760009765625,1276.3499755859375,1274.6500244140625,1275.56005859375,20477,0.0,0.0
2025-06-25 15:40:00-04:00,1275.5799560546875,1276.296630859375,1275.3299560546875,1276.030029296875,21009,0.0,0.0
2025-06-25 15:45:00-04:00,1275.5350341796875,1276.030029296875,1274.25,1275.72998046875,30946,0.0,0.0
2025-06-25 15:50:00-04:00,1275.469970703125,1275.93994140625,1273.81005859375,1274.287353515625,47960,0.0,0.0
2025-06-25 15:55:00-04:00,1274.31494140625,1275.8900146484375,1274.2900390625,1275.3299560546875,110944,0.0,0.0
2025-06-26 09:30:00-04:00,1280.0,1284.4200439453125,1280.0,1282.5,94811,0.0,0.0
2025-06-26 09:35:00-04:00,1282.3375244140625,1286.9998779296875,1281.27001953125,1285.050048828125,50456,0.0,0.0
2025-06-26 09:40:00-04:00,1285.7364501953125,1288.06005859375,1285.0250244140625,1287.8199462890625,50290,0.0,0.0
2025-06-26 09:45:00-04:00,1287.375,1289.0904541015625,1286.27001953125,1288.3701171875,43906,0.0,0.0
2025-06-26 09:50:00-04:00,1288.375,1288.9300537109375,1286.5400390625,1288.6800537109375,37221,0.0,0.0
2025-06-26 09:55:00-04:00,1288.2099609375,1292.9000244140625,1288.2099609375,1292.9000244140625,61202,0.0,0.0
2025-06-26 10:00:00-04:00,1292.9000244140625,1295.3499755859375,1292.0,1294.3399658203125,61031,0.0,0.0
2025-06-26 10:05:00-04:00,1294.9151611328125,1294.9151611328125,1289.0,1290.3299560546875,34346,0.0,0.0
2025-06-26 10:10:00-04:00,1290.489990234375,1292.52001953125,1290.13525390625,1291.68994140625,23113,0.0,0.0
2025-06-26 10:15:00-04:00,1291.68994140625,1292.9844970703125,1291.220947265625,1292.0799560546875,21449,0.0,0.0
2025-06-26 10:20:00-04:00,1292.2559814453125,1293.5799560546875,1292.050048828125,1292.5799560546875,19474,0.0,0.0
2025-06-26 10:25:00-04:00,1292.8399658203125,1293.37451171875,1291.7978515625,1292.52001953125,19394,0.0,0.0
2025-06-26 10:30:00-04:00,1292.0699462890625,1292.4599609375,1291.0,1291.530029296875,22981,0.0,0.0
2025-06-26 10:35:00-04:00,1291.010009765625,1291.5,1290.510009765625,1291.0,22635,0.0,0.0
2025-06-26 10:40:00-04:00,1290.780029296875,1291.02001953125,1289.530029296875,1290.219970703125,26308,0.0,0.0
2025-06-26 10:45:00-04:00,1290.530029296875,1292.970703125,1290.405029296875,1292.4150390625,23242,0.0,0.0
2025-06-26 10:50:00-04:00,1292.565673828125,1292.565673828125,1291.1099853515625,1291.4300537109375,10222,0.0,0.0
2025-06-26 10:55:00-04:00,1291.614990234375,1292.4034423828125,1290.949951171875,1292.050048828125,24705,0.0,0.0
2025-06-26 11:00:00-04:00,1292.3349609375,1292.9703369140625,1292.0101318359375,1292.4920654296875,13363,0.0,0.0
2025-06-26 11:05:00-04:00,1292.6800537109375,1293.31005859375,1290.986083984375,1292.8800048828125,19895,0.0,0.0
2025-06-26 11:10:00-04:00,1293.699951171875,1296.9898681640625,1293.1300048828125,1296.7049560546875,55829,0.0,0.0
2025-06-26 11:15:00-04:00,1296.699951171875,1299.6800537109375,1296.1500244140625,1299.6800537109375,54232,0.0,0.0
2025-06-26 11:20:00-04:00,1299.6800537109375,1300.7900390625,1299.324951171875,1300.0001220703125,61295,0.0,0.0
2025-06-26 11:25:00-04:00,1300.3199462890625,1300.949951171875,1298.8299560546875,1299.2900390625,49579,0.0,0.0
2025-06-26 11:30:00-04:00,1298.7850341796875,1299.8800048828125,1297.1900634765625,1299.8800048828125,32409,0.0,0.0
2025-06-26 11:35:00-04:00,1299.614990234375,1300.139892578125,1298.3299560546875,1298.8199462890625,23727,0.0,0.0
2025-06-26 11:40:00-04:00,1298.7099609375,1299.4100341796875,1298.4100341796875,1298.7900390625,24622,0.0,0.0
2025-06-26 11:45:00-04:00,1299.3499755859375,1300.0,1298.2359619140625,1298.3900146484375,16984,0.0,0.0
2025-06-26 11:50:00-04:00,1298.5941162109375,1298.9599609375,1297.5,1298.5450439453125,27377,0.0,0.0
2025-06-26 11:55:00-04:00,1298.010009765625,1298.5,1297.47998046875,1297.47998046875,10355,0.0,0.0
2025-06-26 12:00:00-04:00,1297.4801025390625,1298.0,1297.150146484375,1297.3966064453125,24102,0.0,0.0
2025-06-26 12:05:00-04:00,1297.0,1297.2298583984375,1294.800048828125,1295.1500244140625,26288,0.0,0.0
2025-06-26 12:10:00-04:00,1295.0350341796875,1295.0350341796875,1292.9189453125,1294.050048828125,17694,0.0,0.0
2025-06-26 12:15:00-04:00,1293.8499755859375,1294.919921875,1293.47998046875,1294.5899658203125,13705,0.0,0.0
2025-06-26 12:20:00-04:00,1294.5142822265625,1295.1556396484375,1294.1920166015625,1295.0,23228,0.0,0.0
2025-06-26 12:25:00-04:00,1295.1300048828125,1297.1298828125,1295.1300048828125,1296.02001953125,16921,0.0,0.0
2025-06-26 12:30:00-04:00,1295.68896484375,1296.5999755859375,1295.68896484375,1296.114990234375,12324,0.0,0.0
2025-06-26 12:35:00-04:00,1296.114990234375,1296.5400390625,1295.22998046875,1295.8900146484375,10447,0.0,0.0
2025-06-26 12:40:00-04:00,1295.18994140625,1295.239990234375,1294.550048828125,1294.81005859375,7829,0.0,0.0
2025-06-26 12:45:00-04:00,1294.6700439453125,1295.4000244140625,1294.6700439453125,1295.4000244140625,12012,0.0,0.0
2025-06-26 12:50:00-04:00,1295.2099609375,1296.36572265625,1295.2099609375,1296.2249755859375,10937,0.0,0.0
2025-06-26 12:55:00-04:00,1296.074951171875,1297.199951171875,1296.074951171875,1297.199951171875,6061,0.0,0.0
2025-06-26 13:00:00-04:00,1296.6400146484375,1297.4000244140625,1295.9599609375,1297.2950439453125,7480,0.0,0.0
2025-06-26 13:05:00-04:00,1297.4000244140625,1297.6298828125,1296.3900146484375,1296.7275390625,11576,0.0,0.0
2025-06-26 13:10:00-04:00,1296.8800048828125,1298.1905517578125,1296.8800048828125,1298.1905517578125,16546,0.0,0.0
2025-06-26 13:15:00-04:00,1298.239990234375,1299.3106689453125,1297.81005859375,1299.0250244140625,17148,0.0,0.0
2025-06-26 13:20:00-04:00,1298.6187744140625,1299.541748046875,1298.6187744140625,1299.270751953125,17712,0.0,0.0
2025-06-26 13:25:00-04:00,1299.06005859375,1299.4100341796875,1299.06005859375,1299.4100341796875,7850,0.0,0.0
2025-06-26 13:30:00-04:00,1299.61376953125,1299.7799072265625,1298.280029296875,1298.594970703125,16052,0.0,0.0
2025-06-26 13:35:00-04:00,1298.1981201171875,1301.2298583984375,1298.1981201171875,1301.2298583984375,22695,0.0,0.0
2025-06-26 13:40:00-04:00,1301.216552734375,1301.8099365234375,1300.7099609375,1301.31494140625,27519,0.0,0.0
2025-06-26 13:45:00-04:00,1301.7469482421875,1301.7469482421875,1300.050048828125,1300.884765625,15329,0.0,0.0
2025-06-26 13:50:00-04:00,1300.9998779296875,1301.0,1299.85009765625,1300.739990234375,18928,0.0,0.0
2025-06-26 13:55:00-04:00,1300.43994140625,1300.8399658203125,1300.1407470703125,1300.5,11713,0.0,0.0
2025-06-26 14:00:00-04:00,1300.4449462890625,1300.4649658203125,1298.8299560546875,1299.469970703125,14511,0.0,0.0
2025-06-26 14:05:00-04:00,1299.4000244140625,1300.8599853515625,1299.4000244140625,1300.7232666015625,16302,0.0,0.0
2025-06-26 14:10:00-04:00,1300.1400146484375,1301.7862548828125,1300.1400146484375,1301.52001953125,14880,0.0,0.0
2025-06-26 14:15:00-04:00,1301.5999755859375,1303.0,1301.5999755859375,1302.539794921875,25068,0.0,0.0
2025-06-26 14:20:00-04:00,1302.9599609375,1304.324951171875,1302.9599609375,1304.1590576171875,32032,0.0,0.0
2025-06-26 14:25:00-04:00,1304.1700439453125,1305.445556640625,1303.5,1304.2449951171875,28220,0.0,0.0
2025-06-26 14:30:00-04:00,1304.6300048828125,1304.9599609375,1303.6099853515625,1304.2216796875,16838,0.0,0.0
2025-06-26 14:35:00-04:00,1304.088623046875,1304.1500244140625,1302.0999755859375,1302.5550537109375,22779,0.0,0.0
2025-06-26 14:40:00-04:00,1302.199951171875,1303.099853515625,1302.199951171875,1302.6143798828125,17393,0.0,0.0
2025-06-26 14:45:00-04:00,1303.300048828125,1303.800048828125,1302.2926025390625,1302.2926025390625,22554,0.0,0.0
2025-06-26 14:50:00-04:00,1302.68994140625,1303.25,1302.4100341796875,1302.4100341796875,11300,0.0,0.0
2025-06-26 14:55:00-04:00,1302.6400146484375,1303.25,1302.41015625,1303.25,13497,0.0,0.0
2025-06-26 15:00:00-04:00,1303.1400146484375,1304.8111572265625,1303.1400146484375,1304.3399658203125,16178,0.0,0.0
2025-06-26 15:05:00-04:00,1304.1199951171875,1304.3399658203125,1303.9300537109375,1304.2449951171875,23571,0.0,0.0
2025-06-26 15:10:00-04:00,1304.4200439453125,1304.5,1303.4000244140625,1303.85498046875,21289,0.0,0.0
2025-06-26 15:15:00-04:00,1303.9000244140625,1305.291015625,1303.6099853515625,1305.010009765625,172257,0.0,0.0
2025-06-26 15:20:00-04:00,1305.279541015625,1305.31005859375,1304.489990234375,1304.5899658203125,18511,0.0,0.0
2025-06-26 15:25:00-04:00,1304.9000244140625,1306.3809814453125,1304.9000244140625,1305.9100341796875,26739,0.0,0.0
2025-06-26 15:30:00-04:00,1305.514892578125,1305.77001953125,1305.0994873046875,1305.6400146484375,26488,0.0,0.0
2025-06-26 15:35:00-04:00,1305.6400146484375,1306.0,1304.803466796875,1305.89501953125,34377,0.0,0.0
2025-06-26 15:40:00-04:00,1306.050048828125,1306.1800537109375,1305.47998046875,1305.800048828125,29834,0.0,0.0
2025-06-26 15:45:00-04:00,1305.969970703125,1306.5799560546875,1305.6199951171875,1306.219970703125,41992,0.0,0.0
2025-06-26 15:50:00-04:00,1305.8499755859375,1307.3399658203125,1304.75,1307.260009765625,73530,0.0,0.0
2025-06-26 15:55:00-04:00,1306.8900146484375,1307.0999755859375,1305.5001220703125,1306.800048828125,147299,0.0,0.0
2025-06-27 09:30:00-04:00,1306.300048828125,1312.9580078125,1301.0,1309.612548828125,168528,0.0,0.0
2025-06-27 09:35:00-04:00,1308.3349609375,1308.989990234375,1302.47998046875,1306.800048828125,41000,0.0,0.0
2025-06-27 09:40:00-04:00,1307.02001953125,1310.529052734375,1306.891845703125,1310.18994140625,45644,0.0,0.0
2025-06-27 09:45:00-04:00,1309.5224609375,1311.4000244140625,1307.866455078125,1310.3299560546875,31447,0.0,0.0
2025-06-27 09:50:00-04:00,1310.6090087890625,1311.9449462890625,1309.4300537109375,1310.6700439453125,36063,0.0,0.0
2025-06-27 09:55:00-04:00,1310.6600341796875,1312.2696533203125,1308.6676025390625,1311.950439453125,46287,0.0,0.0
2025-06-27 10:00:00-04:00,1313.219970703125,1317.9998779296875,1312.8050537109375,1317.260009765625,63447,0.0,0.0
2025-06-27 10:05:00-04:00,1317.93994140625,1319.02001953125,1316.0,1317.7099609375,63591,0.0,0.0
2025-06-27 10:10:00-04:00,1318.18994140625,1319.96142578125,1318.0,1318.75,41146,0.0,0.0
2025-06-27 10:15:00-04:00,1318.905029296875,1320.6199951171875,1317.9599609375,1319.4599609375,49526,0.0,0.0
2025-06-27 10:20:00-04:00,1320.087646484375,1321.699951171875,1318.4600830078125,1319.449951171875,46123,0.0,0.0
2025-06-27 10:25:00-04:00,1319.0,1320.275146484375,1318.0699462890625,1318.8399658203125,34864,0.0,0.0
2025-06-27 10:30:00-04:00,1318.824951171875,1319.5399169921875,1316.72998046875,1317.9449462890625,37100,0.0,0.0
2025-06-27 10:35:00-04:00,1318.2349853515625,1322.482177734375,1317.3900146484375,1322.482177734375,40329,0.0,0.0
2025-06-27 10:40:00-04:00,1322.3349609375,1322.8800048828125,1320.93505859375,1321.06494140625,34495,0.0,0.0
2025-06-27 10:45:00-04:00,1321.06494140625,1322.4200439453125,1320.719970703125,1321.75,17314,0.0,0.0
2025-06-27 10:50:00-04:00,1321.97998046875,1322.5496826171875,1320.4599609375,1322.5496826171875,32099,0.0,0.0
2025-06-27 10:55:00-04:00,1322.557861328125,1322.557861328125,1320.10009765625,1321.10498046875,37616,0.0,0.0
2025-06-27 11:00:00-04:00,1321.3199462890625,1323.6500244140625,1320.0,1322.18994140625,47884,0.0,0.0
2025-06-27 11:05:00-04:00,1322.0,1322.8150634765625,1321.344970703125,1321.7099609375,16474,0.0,0.0
2025-06-27 11:10:00-04:00,1321.8385009765625,1323.2249755859375,1321.449951171875,1321.9466552734375,35877,0.0,0.0
2025-06-27 11:15:00-04:00,1322.0899658203125,1324.25,1321.239990234375,1324.18994140625,24303,0.0,0.0
2025-06-27 11:20:00-04:00,1324.0048828125,1326.0899658203125,1323.449951171875,1325.728515625,36582,0.0,0.0
2025-06-27 11:25:00-04:00,1326.3599853515625,1327.2435302734375,1325.5799560546875,1326.3699951171875,37467,0.0,0.0
2025-06-27 11:30:00-04:00,1326.9300537109375,1327.8299560546875,1326.0999755859375,1327.81494140625,29780,0.0,0.0
2025-06-27 11:35:00-04:00,1327.7509765625,1331.344970703125,1327.300048828125,1330.0250244140625,71628,0.0,0.0
2025-06-27 11:40:00-04:00,1330.0250244140625,1330.739990234375,1328.5560302734375,1329.3018798828125,48963,0.0,0.0
2025-06-27 11:45:00-04:00,1329.010009765625,1329.3800048828125,1327.510009765625,1328.800048828125,28241,0.0,0.0
2025-06-27 11:50:00-04:00,1329.1600341796875,1329.4898681640625,1327.52001953125,1327.760009765625,21900,0.0,0.0
2025-06-27 11:55:00-04:00,1327.800048828125,1329.125,1327.7607421875,1328.43994140625,19397,0.0,0.0
2025-06-27 12:00:00-04:00,1328.81005859375,1328.81494140625,1326.8699951171875,1326.8699951171875,21077,0.0,0.0
2025-06-27 12:05:00-04:00,1326.780029296875,1327.1236572265625,1325.75,1326.02001953125,18568,0.0,0.0
2025-06-27 12:10:00-04:00,1325.949951171875,1325.949951171875,1323.6700439453125,1323.767822265625,30470,0.0,0.0
2025-06-27 12:15:00-04:00,1323.72998046875,1323.7850341796875,1321.6500244140625,1322.18505859375,35158,0.0,0.0
2025-06-27 12:20:00-04:00,1321.5999755859375,1321.5999755859375,1319.2900390625,1320.3642578125,41260,0.0,0.0
2025-06-27 12:25:00-04:00,1320.25,1323.989990234375,1320.110107421875,1323.469970703125,38287,0.0,0.0
2025-06-27 12:30:00-04:00,1323.050048828125,1323.5299072265625,1322.3900146484375,1322.3900146484375,17593,0.0,0.0
2025-06-27 12:35:00-04:00,1322.64501953125,1323.7838134765625,1322.594970703125,1323.6700439453125,17239,0.0,0.0
2025-06-27 12:40:00-04:00,1323.7449951171875,1324.5799560546875,1322.635009765625,1322.635009765625,26789,0.0,0.0
2025-06-27 12:45:00-04:00,1322.635009765625,1323.1800537109375,1322.239990234375,1322.5,9567,0.0,0.0
2025-06-27 12:50:00-04:00,1322.4649658203125,1323.6400146484375,1321.5799560546875,1323.3199462890625,22639,0.0,0.0
2025-06-27 12:55:00-04:00,1323.508056640625,1323.933349609375,1322.0699462890625,1322.4549560546875,12800,0.0,0.0
2025-06-27 13:00:00-04:00,1322.2650146484375,1322.4100341796875,1321.199951171875,1321.7650146484375,22308,0.0,0.0
2025-06-27 13:05:00-04:00,1321.8699951171875,1323.1600341796875,1320.6099853515625,1323.1600341796875,36412,0.0,0.0
2025-06-27 13:10:00-04:00,1323.25,1323.25,1322.02001953125,1322.0799560546875,9661,0.0,0.0
2025-06-27 13:15:00-04:00,1322.0400390625,1322.4000244140625,1320.5999755859375,1320.7900390625,16652,0.0,0.0
2025-06-27 13:20:00-04:00,1320.9100341796875,1320.9100341796875,1319.199951171875,1319.550048828125,26157,0.0,0.0
2025-06-27 13:25:00-04:00,1319.77001953125,1319.8719482421875,1319.0,1319.25,19973,0.0,0.0
2025-06-27 13:30:00-04:00,1319.1300048828125,1321.1600341796875,1318.7200927734375,1320.125,34254,0.0,0.0
2025-06-27 13:35:00-04:00,1319.7049560546875,1320.8299560546875,1319.47998046875,1320.1949462890625,13522,0.0,0.0
2025-06-27 13:40:00-04:00,1319.949951171875,1320.285400390625,1317.8599853515625,1319.3416748046875,26749,0.0,0.0
2025-06-27 13:45:00-04:00,1318.93505859375,1319.728759765625,1317.5001220703125,1319.4998779296875,21595,0.0,0.0
2025-06-27 13:50:00-04:00,1319.4998779296875,1320.5999755859375,1319.155029296875,1320.3299560546875,9491,0.0,0.0
2025-06-27 13:55:00-04:00,1320.280029296875,1323.5150146484375,1320.1500244140625,1323.5150146484375,13321,0.0,0.0
2025-06-27 14:00:00-04:00,1323.1199951171875,1323.449951171875,1322.2977294921875,1322.7021484375,14720,0.0,0.0
2025-06-27 14:05:00-04:00,1322.699951171875,1323.06005859375,1321.1199951171875,1322.344970703125,20658,0.0,0.0
2025-06-27 14:10:00-04:00,1322.81005859375,1324.9884033203125,1322.81005859375,1324.739990234375,36354,0.0,0.0
2025-06-27 14:15:00-04:00,1324.550048828125,1325.6099853515625,1322.1500244140625,1322.989990234375,39973,0.0,0.0
2025-06-27 14:20:00-04:00,1322.094970703125,1323.34619140625,1321.8299560546875,1323.34619140625,18495,0.0,0.0
2025-06-27 14:25:00-04:00,1322.9300537109375,1323.5,1321.8499755859375,1322.49072265625,21742,0.0,0.0
2025-06-27 14:30:00-04:00,1321.9200439453125,1322.482177734375,1320.650146484375,1321.364990234375,17576,0.0,0.0
2025-06-27 14:35:00-04:00,1320.9599609375,1321.4300537109375,1319.09912109375,1319.22998046875,22934,0.0,0.0
2025-06-27 14:40:00-04:00,1319.27001953125,1319.93994140625,1317.14013671875,1318.5400390625,44248,0.0,0.0
2025-06-27 14:45:00-04:00,1318.5821533203125,1319.0999755859375,1316.5699462890625,1316.8299560546875,36646,0.0,0.0
2025-06-27 14:50:00-04:00,1317.0,1317.0,1315.6400146484375,1316.2249755859375,34736,0.0,0.0
2025-06-27 14:55:00-04:00,1316.43994140625,1318.8802490234375,1316.25,1317.9000244140625,51836,0.0,0.0
2025-06-27 15:00:00-04:00,1317.52001953125,1318.550048828125,1316.5350341796875,1318.43994140625,32929,0.0,0.0
2025-06-27 15:05:00-04:00,1318.4375,1320.0,1318.260009765625,1319.5400390625,31439,0.0,0.0
2025-06-27 15:10:00-04:00,1319.574951171875,1320.8780517578125,1319.3599853515625,1320.739990234375,21736,0.0,0.0
2025-06-27 15:15:00-04:00,1320.739990234375,1320.739990234375,1319.0899658203125,1319.2750244140625,20445,0.0,0.0
2025-06-27 15:20:00-04:00,1319.1800537109375,1319.9698486328125,1318.35498046875,1319.5,14713,0.0,0.0
2025-06-27 15:25:00-04:00,1319.5400390625,1319.5400390625,1318.52001953125,1318.6500244140625,26369,0.0,0.0
2025-06-27 15:30:00-04:00,1318.989990234375,1320.2099609375,1318.791015625,1319.9200439453125,23007,0.0,0.0
2025-06-27 15:35:00-04:00,1320.1600341796875,1321.9046630859375,1319.719970703125,1321.050048828125,34260,0.0,0.0
2025-06-27 15:40:00-04:00,1321.10595703125,1321.4200439453125,1320.31005859375,1320.52001953125,32592,0.0,0.0
2025-06-27 15:45:00-04:00,1320.6700439453125,1321.9200439453125,1319.2349853515625,1319.72998046875,394930,0.0,0.0
2025-06-27 15:50:00-04:00,1320.050048828125,1324.5699462890625,1320.050048828125,1324.0,78928,0.0,0.0
2025-06-27 15:55:00-04:00,1324.0,1325.489990234375,1321.510986328125,1322.8199462890625,132506,0.0,0.0
2025-06-30 09:30:00-04:00,1331.0,1335.0,1328.1600341796875,1334.0,345947,0.0,0.0
2025-06-30 09:35:00-04:00,1334.375,1335.010009765625,1330.02001953125,1331.5400390625,65372,0.0,0.0
2025-06-30 09:40:00-04:00,1331.56494140625,1332.03125,1330.0,1330.3199462890625,38967,0.0,0.0
2025-06-30 09:45:00-04:00,1330.5374755859375,1331.6700439453125,1325.1500244140625,1330.139892578125,53436,0.0,0.0
2025-06-30 09:50:00-04:00,1327.5999755859375,1330.52001953125,1327.1099853515625,1329.780029296875,23672,0.0,0.0
2025-06-30 09:55:00-04:00,1330.1700439453125,1334.208251953125,1330.1700439453125,1333.5,38093,0.0,0.0
2025-06-30 10:00:00-04:00,1333.780029296875,1335.4998779296875,1333.0400390625,1333.6600341796875,39013,0.0,0.0
2025-06-30 10:05:00-04:00,1332.93994140625,1333.18994140625,1327.0,1328.219970703125,50967,0.0,0.0
2025-06-30 10:10:00-04:00,1328.0,1331.39990234375,1328.0,1330.6500244140625,23464,0.0,0.0
2025-06-30 10:15:00-04:00,1330.3699951171875,1331.1300048828125,1328.9481201171875,1329.2750244140625,20209,0.0,0.0
2025-06-30 10:20:00-04:00,1330.0,1330.0,1326.719970703125,1327.820068359375,42562,0.0,0.0
2025-06-30 10:25:00-04:00,1328.5,1329.25,1327.1099853515625,1328.969970703125,19673,0.0,0.0
2025-06-30 10:30:00-04:00,1329.0582275390625,1329.5899658203125,1327.0,1327.625,21464,0.0,0.0
2025-06-30 10:35:00-04:00,1327.0,1327.9599609375,1326.550048828125,1327.75,27614,0.0,0.0
2025-06-30 10:40:00-04:00,1328.2149658203125,1329.1800537109375,1326.7650146484375,1327.72998046875,21268,0.0,0.0
2025-06-30 10:45:00-04:00,1328.1600341796875,1330.8299560546875,1327.6800537109375,1330.56494140625,20548,0.0,0.0
2025-06-30 10:50:00-04:00,1330.6400146484375,1331.77001953125,1330.0,1330.5511474609375,16835,0.0,0.0
2025-06-30 10:55:00-04:00,1330.56005859375,1330.56005859375,1328.5201416015625,1328.885009765625,14476,0.0,0.0
2025-06-30 11:00:00-04:00,1328.800048828125,1328.800048828125,1327.0350341796875,1327.5,30979,0.0,0.0
2025-06-30 11:05:00-04:00,1327.4000244140625,1327.4000244140625,1325.43994140625,1325.800048828125,24628,0.0,0.0
2025-06-30 11:10:00-04:00,1325.0201416015625,1325.0201416015625,1323.0001220703125,1323.635009765625,58689,0.0,0.0
2025-06-30 11:15:00-04:00,1323.60498046875,1323.785400390625,1321.6700439453125,1322.0,49341,0.0,0.0
2025-06-30 11:20:00-04:00,1321.81005859375,1324.3699951171875,1321.3599853515625,1323.199951171875,27129,0.0,0.0
2025-06-30 11:25:00-04:00,1322.949951171875,1323.3900146484375,1321.2099609375,1322.06005859375,23278,0.0,0.0
2025-06-30 11:30:00-04:00,1322.510009765625,1325.9000244140625,1322.510009765625,1325.8900146484375,21609,0.0,0.0
2025-06-30 11:35:00-04:00,1325.5,1326.879150390625,1325.5,1326.425048828125,15466,0.0,0.0
2025-06-30 11:40:00-04:00,1326.364990234375,1326.8699951171875,1325.503662109375,1326.22998046875,13299,0.0,0.0
2025-06-30 11:45:00-04:00,1326.5899658203125,1327.5999755859375,1326.2413330078125,1327.5999755859375,12694,0.0,0.0
2025-06-30 11:50:00-04:00,1327.3599853515625,1327.5899658203125,1326.614013671875,1327.541015625,16971,0.0,0.0
2025-06-30 11:55:00-04:00,1328.0,1328.8599853515625,1328.0,1328.4324951171875,12666,0.0,0.0
2025-06-30 12:00:00-04:00,1328.8199462890625,1331.2498779296875,1328.1534423828125,1331.2498779296875,19842,0.0,0.0
2025-06-30 12:05:00-04:00,1330.7900390625,1332.4300537109375,1330.7900390625,1332.4300537109375,22769,0.0,0.0
2025-06-30 12:10:00-04:00,1332.4649658203125,1334.1700439453125,1332.1099853515625,1332.3900146484375,43088,0.0,0.0
2025-06-30 12:15:00-04:00,1332.7698974609375,1332.9310302734375,1331.6400146484375,1331.8299560546875,13216,0.0,0.0
2025-06-30 12:20:00-04:00,1331.9525146484375,1332.324951171875,1331.739990234375,1331.8046875,12490,0.0,0.0
2025-06-30 12:25:00-04:00,1331.969970703125,1333.300048828125,1331.969970703125,1333.1800537109375,10820,0.0,0.0
2025-06-30 12:30:00-04:00,1332.88037109375,1333.433349609375,1332.239990234375,1333.0999755859375,12476,0.0,0.0
2025-06-30 12:35:00-04:00,1332.949951171875,1334.25,1332.8800048828125,1333.5,16426,0.0,0.0
2025-06-30 12:40:00-04:00,1334.0,1335.1199951171875,1334.0,1334.3492431640625,16127,0.0,0.0
2025-06-30 12:45:00-04:00,1334.5,1334.5,1333.9150390625,1334.31005859375,9148,0.0,0.0
2025-06-30 12:50:00-04:00,1334.0699462890625,1334.4749755859375,1333.47998046875,1334.27001953125,13578,0.0,0.0
2025-06-30 12:55:00-04:00,1334.1700439453125,1334.9000244140625,1333.199951171875,1333.4051513671875,8100,0.0,0.0
2025-06-30 13:00:00-04:00,1333.4100341796875,1334.6300048828125,1332.8900146484375,1334.330322265625,16157,0.0,0.0
2025-06-30 13:05:00-04:00,1334.780029296875,1336.7744140625,1334.4449462890625,1336.7744140625,28324,0.0,0.0
2025-06-30 13:10:00-04:00,1336.8299560546875,1337.0400390625,1335.4599609375,1335.4599609375,19757,0.0,0.0
2025-06-30 13:15:00-04:00,1335.25,1335.4847412109375,1334.0699462890625,1334.530029296875,12398,0.0,0.0
2025-06-30 13:20:00-04:00,1334.39501953125,1335.01904296875,1334.31005859375,1334.5699462890625,11257,0.0,0.0
2025-06-30 13:25:00-04:00,1334.6600341796875,1335.2950439453125,1333.800048828125,1335.2950439453125,14405,0.0,0.0
2025-06-30 13:30:00-04:00,1335.1199951171875,1335.1199951171875,1333.9000244140625,1333.905029296875,5236,0.0,0.0
2025-06-30 13:35:00-04:00,1333.914794921875,1333.914794921875,1333.590087890625,1333.719970703125,7299,0.0,0.0
2025-06-30 13:40:00-04:00,1333.739990234375,1335.64990234375,1333.5799560546875,1334.85498046875,12926,0.0,0.0
2025-06-30 13:45:00-04:00,1335.0450439453125,1335.22998046875,1334.010009765625,1334.2099609375,19070,0.0,0.0
2025-06-30 13:50:00-04:00,1334.1514892578125,1334.6199951171875,1333.969970703125,1334.6199951171875,14101,0.0,0.0
2025-06-30 13:55:00-04:00,1334.7550048828125,1335.81005859375,1332.47998046875,1334.9549560546875,28237,0.0,0.0
2025-06-30 14:00:00-04:00,1334.7099609375,1335.4947509765625,1334.38232421875,1335.4947509765625,19991,0.0,0.0
2025-06-30 14:05:00-04:00,1335.239990234375,1337.030029296875,1334.9949951171875,1336.9830322265625,23440,0.0,0.0
2025-06-30 14:10:00-04:00,1336.9150390625,1338.4998779296875,1336.344482421875,1338.17236328125,33436,0.0,0.0
2025-06-30 14:15:00-04:00,1337.97998046875,1338.489990234375,1337.72314453125,1338.4200439453125,22965,0.0,0.0
2025-06-30 14:20:00-04:00,1338.510009765625,1339.449951171875,1338.0,1338.489990234375,28665,0.0,0.0
2025-06-30 14:25:00-04:00,1338.9849853515625,1339.1099853515625,1338.5699462890625,1338.8599853515625,15188,0.0,0.0
2025-06-30 14:30:00-04:00,1338.8599853515625,1340.1600341796875,1338.52001953125,1338.52001953125,35810,0.0,0.0
2025-06-30 14:35:00-04:00,1338.8900146484375,1339.280029296875,1336.812255859375,1337.4100341796875,21189,0.0,0.0
2025-06-30 14:40:00-04:00,1337.4100341796875,1337.5899658203125,1335.6600341796875,1336.77001953125,18702,0.0,0.0
2025-06-30 14:45:00-04:00,1337.52001953125,1338.2799072265625,1336.5699462890625,1337.81005859375,15852,0.0,0.0
2025-06-30 14:50:00-04:00,1338.264404296875,1339.3399658203125,1337.8199462890625,1339.135009765625,21441,0.0,0.0
2025-06-30 14:55:00-04:00,1339.0263671875,1340.734130859375,1338.9970703125,1340.449951171875,34592,0.0,0.0
2025-06-30 15:00:00-04:00,1340.6717529296875,1341.1500244140625,1338.52001953125,1340.699951171875,26411,0.0,0.0
2025-06-30 15:05:00-04:00,1340.91748046875,1340.925048828125,1339.1300048828125,1339.4200439453125,18815,0.0,0.0
2025-06-30 15:10:00-04:00,1339.0699462890625,1339.49658203125,1338.443115234375,1338.719970703125,21960,0.0,0.0
2025-06-30 15:15:00-04:00,1338.5799560546875,1338.858642578125,1338.28955078125,1338.512451171875,11176,0.0,0.0
2025-06-30 15:20:00-04:00,1338.9798583984375,1339.0,1337.8406982421875,1337.8499755859375,23334,0.0,0.0
2025-06-30 15:25:00-04:00,1337.97998046875,1338.530029296875,1336.3699951171875,1336.655029296875,30025,0.0,0.0
2025-06-30 15:30:00-04:00,1336.655029296875,1336.655029296875,1335.0,1335.949951171875,32856,0.0,0.0
2025-06-30 15:35:00-04:00,1335.97998046875,1337.1400146484375,1335.97998046875,1336.5,26989,0.0,0.0
2025-06-30 15:40:00-04:00,1336.3499755859375,1337.60986328125,1336.3499755859375,1336.9849853515625,32262,0.0,0.0
2025-06-30 15:45:00-04:00,1336.5400390625,1337.7099609375,1336.5,1337.3375244140625,30122,0.0,0.0
2025-06-30 15:50:00-04:00,1336.0,1340.68994140625,1335.0,1339.699951171875,99407,0.0,0.0
2025-06-30 15:55:00-04:00,1340.1199951171875,1340.9300537109375,1338.6099853515625,1339.3800048828125,147951,0.0,0.0
2025-07-01 09:30:00-04:00,1338.050048828125,1338.050048828125,1327.4801025390625,1335.25,229571,0.0,0.0
2025-07-01 09:35:00-04:00,1335.25,1338.7742919921875,1333.3800048828125,1335.824951171875,53871,0.0,0.0
2025-07-01 09:40:00-04:00,1335.824951171875,1336.0599365234375,1331.4300537109375,1332.989990234375,53108,0.0,0.0
2025-07-01 09:45:00-04:00,1332.3800048828125,1335.1400146484375,1330.300048828125,1330.7149658203125,44644,0.0,0.0
2025-07-01 09:50:00-04:00,1330.7149658203125,1334.3260498046875,1330.111083984375,1333.1400146484375,49289,0.0,0.0
2025-07-01 09:55:00-04:00,1333.1400146484375,1336.5699462890625,1332.3701171875,1333.2099609375,39325,0.0,0.0
2025-07-01 10:00:00-04:00,1333.5799560546875,1335.0,1332.5699462890625,1333.2750244140625,29729,0.0,0.0
2025-07-01 10:05:00-04:00,1333.324951171875,1333.969970703125,1332.1199951171875,1332.675048828125,34238,0.0,0.0
2025-07-01 10:10:00-04:00,1332.0999755859375,1332.704833984375,1330.0,1332.6578369140625,41074,0.0,0.0
2025-07-01 10:15:00-04:00,1331.6500244140625,1332.2550048828125,1328.989990234375,1329.6500244140625,39445,0.0,0.0
2025-07-01 10:20:00-04:00,1328.4599609375,1329.5098876953125,1324.300048828125,1325.97998046875,65688,0.0,0.0
2025-07-01 10:25:00-04:00,1326.31005859375,1326.3599853515625,1322.2923583984375,1323.199951171875,58667,0.0,0.0
2025-07-01 10:30:00-04:00,1322.530029296875,1323.39990234375,1320.0,1320.010009765625,67116,0.0,0.0
2025-07-01 10:35:00-04:00,1320.18505859375,1320.6800537109375,1315.5400390625,1316.3349609375,90560,0.0,0.0
2025-07-01 10:40:00-04:00,1315.97998046875,1317.4150390625,1313.0699462890625,1313.0699462890625,130875,0.0,0.0
2025-07-01 10:45:00-04:00,1313.050048828125,1314.550048828125,1310.647216796875,1312.675048828125,92111,0.0,0.0
2025-07-01 10:50:00-04:00,1313.0350341796875,1314.1298828125,1310.175048828125,1311.0400390625,70570,0.0,0.0
2025-07-01 10:55:00-04:00,1310.8021240234375,1311.0,1307.3800048828125,1309.1185302734375,78683,0.0,0.0
2025-07-01 11:00:00-04:00,1310.199951171875,1310.628173828125,1304.5867919921875,1305.219970703125,108762,0.0,0.0
2025-07-01 11:05:00-04:00,1304.8800048828125,1306.97509765625,1296.77001953125,1298.4200439453125,152546,0.0,0.0
2025-07-01 11:10:00-04:00,1298.0,1298.699951171875,1291.5999755859375,1292.739990234375,128975,0.0,0.0
2025-07-01 11:15:00-04:00,1292.6300048828125,1295.3900146484375,1288.8800048828125,1293.7569580078125,144592,0.0,0.0
2025-07-01 11:20:00-04:00,1293.4599609375,1297.0899658203125,1293.2601318359375,1295.0999755859375,90496,0.0,0.0
2025-07-01 11:25:00-04:00,1294.8599853515625,1296.0799560546875,1292.550048828125,1294.8399658203125,77102,0.0,0.0
2025-07-01 11:30:00-04:00,1295.7301025390625,1298.429931640625,1294.2149658203125,1296.489990234375,85680,0.0,0.0
2025-07-01 11:35:00-04:00,1296.050048828125,1297.8990478515625,1289.0,1289.260009765625,96302,0.0,0.0
2025-07-01 11:40:00-04:00,1289.010009765625,1289.1949462890625,1285.199951171875,1285.989990234375,71598,0.0,0.0
2025-07-01 11:45:00-04:00,1287.0999755859375,1290.0,1284.6199951171875,1284.9100341796875,125274,0.0,0.0
2025-07-01 11:50:00-04:00,1284.7900390625,1285.550048828125,1282.219970703125,1285.550048828125,93697,0.0,0.0
2025-07-01 11:55:00-04:00,1285.18994140625,1287.0,1283.803466796875,1284.1300048828125,72491,0.0,0.0
2025-07-01 12:00:00-04:00,1284.713623046875,1286.409912109375,1282.4930419921875,1286.1400146484375,55940,0.0,0.0
2025-07-01 12:05:00-04:00,1285.010009765625,1286.760009765625,1282.510498046875,1282.81005859375,58443,0.0,0.0
2025-07-01 12:10:00-04:00,1283.155029296875,1288.4949951171875,1282.72998046875,1288.4949951171875,65212,0.0,0.0
2025-07-01 12:15:00-04:00,1288.5849609375,1289.5948486328125,1284.3499755859375,1284.642822265625,53486,0.0,0.0
2025-07-01 12:20:00-04:00,1284.1099853515625,1285.5810546875,1282.9949951171875,1285.25,40874,0.0,0.0
2025-07-01 12:25:00-04:00,1286.0,1287.7384033203125,1285.9949951171875,1286.1500244140625,33816,0.0,0.0
2025-07-01 12:30:00-04:00,1285.8599853515625,1289.699951171875,1285.530029296875,1289.10498046875,36873,0.0,0.0
2025-07-01 12:35:00-04:00,1289.10498046875,1289.625,1286.77001953125,1289.2052001953125,66694,0.0,0.0
2025-07-01 12:40:00-04:00,1289.1949462890625,1293.419921875,1287.989990234375,1293.02001953125,44989,0.0,0.0
2025-07-01 12:45:00-04:00,1293.0,1296.491455078125,1293.0,1295.52001953125,61772,0.0,0.0
2025-07-01 12:50:00-04:00,1295.4998779296875,1300.0250244140625,1293.8399658203125,1299.8499755859375,78275,0.0,0.0
2025-07-01 12:55:00-04:00,1300.02001953125,1300.6400146484375,1296.8699951171875,1298.949951171875,56141,0.0,0.0
2025-07-01 13:00:00-04:00,1298.260009765625,1302.5400390625,1298.260009765625,1302.5400390625,39240,0.0,0.0
2025-07-01 13:05:00-04:00,1302.72998046875,1304.3499755859375,1300.9150390625,1301.4974365234375,60493,0.0,0.0
2025-07-01 13:10:00-04:00,1300.5999755859375,1303.2449951171875,1300.5999755859375,1301.4949951171875,44783,0.0,0.0
2025-07-01 13:15:00-04:00,1301.280029296875,1302.800048828125,1299.1500244140625,1299.1500244140625,36354,0.0,0.0
2025-07-01 13:20:00-04:00,1300.3349609375,1300.3349609375,1298.340087890625,1299.050048828125,35746,0.0,0.0
2025-07-01 13:25:00-04:00,1299.2900390625,1300.0,1296.3199462890625,1296.3199462890625,18835,0.0,0.0
2025-07-01 13:30:00-04:00,1297.3699951171875,1298.0,1296.0,1297.43505859375,22244,0.0,0.0
2025-07-01 13:35:00-04:00,1297.43505859375,1297.43505859375,1296.0799560546875,1297.1800537109375,23326,0.0,0.0
2025-07-01 13:40:00-04:00,1297.1800537109375,1297.5262451171875,1295.4000244140625,1295.8900146484375,20918,0.0,0.0
2025-07-01 13:45:00-04:00,1296.449951171875,1298.2498779296875,1295.800048828125,1298.0,27094,0.0,0.0
2025-07-01 13:50:00-04:00,1298.112548828125,1299.8499755859375,1298.112548828125,1298.8900146484375,27417,0.0,0.0
2025-07-01 13:55:00-04:00,1299.1500244140625,1300.0,1298.470458984375,1299.347412109375,28662,0.0,0.0
2025-07-01 14:00:00-04:00,1299.4730224609375,1301.9998779296875,1298.989990234375,1301.47998046875,33634,0.0,0.0
2025-07-01 14:05:00-04:00,1302.0,1302.9998779296875,1301.594970703125,1301.8599853515625,21926,0.0,0.0
2025-07-01 14:10:00-04:00,1302.139892578125,1302.56005859375,1301.0345458984375,1302.3699951171875,28536,0.0,0.0
2025-07-01 14:15:00-04:00,1301.3399658203125,1301.3399658203125,1297.6064453125,1298.6500244140625,35393,0.0,0.0
2025-07-01 14:20:00-04:00,1298.530029296875,1299.2099609375,1297.3499755859375,1298.02001953125,33840,0.0,0.0
2025-07-01 14:25:00-04:00,1298.344970703125,1298.72998046875,1296.0,1296.6400146484375,25350,0.0,0.0
2025-07-01 14:30:00-04:00,1297.02001953125,1301.8299560546875,1297.02001953125,1300.7099609375,17624,0.0,0.0
2025-07-01 14:35:00-04:00,1301.10498046875,1301.5,1299.427490234375,1300.114990234375,22191,0.0,0.0
2025-07-01 14:40:00-04:00,1300.114990234375,1300.5599365234375,1299.1199951171875,1299.777587890625,19869,0.0,0.0
2025-07-01 14:45:00-04:00,1300.4898681640625,1300.4898681640625,1297.026611328125,1297.449951171875,16896,0.0,0.0
2025-07-01 14:50:00-04:00,1297.449951171875,1297.919921875,1295.5899658203125,1296.1650390625,27907,0.0,0.0
2025-07-01 14:55:00-04:00,1296.1650390625,1296.1650390625,1294.3050537109375,1294.3050537109375,25813,0.0,0.0
2025-07-01 15:00:00-04:00,1294.0150146484375,1294.9998779296875,1292.25,1294.75,43703,0.0,0.0
2025-07-01 15:05:00-04:00,1294.8599853515625,1296.6199951171875,1294.35009765625,1296.469970703125,30213,0.0,0.0
2025-07-01 15:10:00-04:00,1296.5849609375,1297.0400390625,1294.52001953125,1295.1700439453125,31675,0.0,0.0
2025-07-01 15:15:00-04:00,1295.3900146484375,1296.14501953125,1294.2459716796875,1295.89501953125,29374,0.0,0.0
2025-07-01 15:20:00-04:00,1295.56005859375,1295.7049560546875,1294.56005859375,1295.239990234375,25056,0.0,0.0
2025-07-01 15:25:00-04:00,1295.4300537109375,1295.68994140625,1294.1400146484375,1294.6700439453125,26402,0.0,0.0
2025-07-01 15:30:00-04:00,1294.8299560546875,1295.0899658203125,1292.0001220703125,1292.0001220703125,58225,0.0,0.0
2025-07-01 15:35:00-04:00,1292.1199951171875,1293.8900146484375,1291.4200439453125,1292.4100341796875,51795,0.0,0.0
2025-07-01 15:40:00-04:00,1292.0931396484375,1294.3499755859375,1292.0931396484375,1293.5699462890625,56415,0.0,0.0
2025-07-01 15:45:00-04:00,1293.5699462890625,1296.7900390625,1293.512939453125,1296.2049560546875,54431,0.0,0.0
2025-07-01 15:50:00-04:00,1296.4300537109375,1297.7679443359375,1294.260009765625,1294.905029296875,103177,0.0,0.0
2025-07-01 15:55:00-04:00,1294.489990234375,1295.5699462890625,1293.0,1293.2099609375,199326,0.0,0.0
2025-07-02 09:30:00-04:00,1296.9599609375,1299.949951171875,1289.650146484375,1296.1500244140625,172256,0.0,0.0
2025-07-02 09:35:00-04:00,1296.3349609375,1296.9000244140625,1288.0,1288.0,60480,0.0,0.0
2025-07-02 09:40:00-04:00,1288.030029296875,1291.3984375,1286.150146484375,1289.7099609375,46351,0.0,0.0
2025-07-02 09:45:00-04:00,1289.9150390625,1292.9998779296875,1285.6600341796875,1285.6600341796875,56311,0.0,0.0
2025-07-02 09:50:00-04:00,1285.760009765625,1290.010009765625,1285.760009765625,1288.6700439453125,38042,0.0,0.0
2025-07-02 09:55:00-04:00,1290.0389404296875,1291.757568359375,1287.5699462890625,1289.760009765625,35171,0.0,0.0
2025-07-02 10:00:00-04:00,1291.4849853515625,1294.929931640625,1290.7650146484375,1293.260009765625,32382,0.0,0.0
2025-07-02 10:05:00-04:00,1292.6400146484375,1292.6400146484375,1289.9599609375,1290.5,26049,0.0,0.0
2025-07-02 10:10:00-04:00,1291.344970703125,1292.929931640625,1290.6700439453125,1292.1265869140625,35519,0.0,0.0
2025-07-02 10:15:00-04:00,1291.77001953125,1293.5633544921875,1290.56005859375,1291.9239501953125,25678,0.0,0.0
2025-07-02 10:20:00-04:00,1291.5699462890625,1293.119873046875,1291.1700439453125,1292.0999755859375,24236,0.0,0.0
2025-07-02 10:25:00-04:00,1291.4000244140625,1293.719970703125,1290.56005859375,1293.0,29705,0.0,0.0
2025-07-02 10:30:00-04:00,1293.1600341796875,1293.2249755859375,1289.1600341796875,1289.1600341796875,20949,0.0,0.0
2025-07-02 10:35:00-04:00,1289.97998046875,1290.47998046875,1287.6700439453125,1287.77001953125,29722,0.0,0.0
2025-07-02 10:40:00-04:00,1288.0,1289.2249755859375,1286.030029296875,1289.2249755859375,46369,0.0,0.0
2025-07-02 10:45:00-04:00,1289.280029296875,1292.6700439453125,1288.8399658203125,1292.0,31339,0.0,0.0
2025-07-02 10:50:00-04:00,1292.99365234375,1293.1700439453125,1288.0699462890625,1288.56005859375,41128,0.0,0.0
2025-07-02 10:55:00-04:00,1288.25,1289.8189697265625,1286.7957763671875,1289.8189697265625,20399,0.0,0.0
2025-07-02 11:00:00-04:00,1289.3074951171875,1291.349853515625,1286.1500244140625,1286.1500244140625,33751,0.0,0.0
2025-07-02 11:05:00-04:00,1287.1199951171875,1287.5,1283.1600341796875,1283.1600341796875,39550,0.0,0.0
2025-07-02 11:10:00-04:00,1284.099853515625,1284.099853515625,1278.4000244140625,1278.489990234375,65801,0.0,0.0
2025-07-02 11:15:00-04:00,1278.625,1279.0,1274.6650390625,1277.530029296875,94383,0.0,0.0
2025-07-02 11:20:00-04:00,1277.0985107421875,1278.8599853515625,1274.260009765625,1276.6800537109375,42513,0.0,0.0
2025-07-02 11:25:00-04:00,1276.530029296875,1276.885009765625,1273.0001220703125,1273.0001220703125,58281,0.0,0.0
2025-07-02 11:30:00-04:00,1273.0799560546875,1278.990966796875,1273.0799560546875,1278.2900390625,40453,0.0,0.0
2025-07-02 11:35:00-04:00,1278.8699951171875,1279.656005859375,1275.570556640625,1275.9599609375,33345,0.0,0.0
2025-07-02 11:40:00-04:00,1276.074951171875,1278.593994140625,1275.824951171875,1277.9949951171875,47280,0.0,0.0
2025-07-02 11:45:00-04:00,1277.6199951171875,1280.001953125,1277.0,1279.02001953125,46185,0.0,0.0
2025-07-02 11:50:00-04:00,1278.800048828125,1280.010009765625,1278.135009765625,1280.010009765625,18896,0.0,0.0
2025-07-02 11:55:00-04:00,1280.1700439453125,1282.3797607421875,1279.9000244140625,1280.5999755859375,29321,0.0,0.0
2025-07-02 12:00:00-04:00,1281.1800537109375,1281.8699951171875,1278.4300537109375,1279.0899658203125,51106,0.0,0.0
2025-07-02 12:05:00-04:00,1279.449951171875,1283.27001953125,1279.449951171875,1282.8900146484375,23848,0.0,0.0
2025-07-02 12:10:00-04:00,1282.800048828125,1284.0,1282.1700439453125,1282.3330078125,23360,0.0,0.0
2025-07-02 12:15:00-04:00,1282.5550537109375,1282.7899169921875,1281.0799560546875,1281.699951171875,15929,0.0,0.0
2025-07-02 12:20:00-04:00,1281.5,1284.1400146484375,1281.5,1283.8055419921875,20307,0.0,0.0
2025-07-02 12:25:00-04:00,1283.5,1283.574951171875,1280.9100341796875,1283.574951171875,29276,0.0,0.0
2025-07-02 12:30:00-04:00,1283.574951171875,1283.8800048828125,1280.1600341796875,1280.989990234375,31367,0.0,0.0
2025-07-02 12:35:00-04:00,1281.5400390625,1282.8900146484375,1280.469970703125,1281.324951171875,22020,0.0,0.0
2025-07-02 12:40:00-04:00,1281.146484375,1282.4000244140625,1280.4599609375,1282.11376953125,30828,0.0,0.0
2025-07-02 12:45:00-04:00,1281.81005859375,1282.1099853515625,1279.6600341796875,1280.219970703125,28309,0.0,0.0
2025-07-02 12:50:00-04:00,1280.260009765625,1280.9849853515625,1279.010009765625,1280.530029296875,26408,0.0,0.0
2025-07-02 12:55:00-04:00,1281.02001953125,1281.0799560546875,1279.68994140625,1280.0,18621,0.0,0.0
2025-07-02 13:00:00-04:00,1281.0799560546875,1281.0799560546875,1278.9300537109375,1278.9300537109375,17812,0.0,0.0
2025-07-02 13:05:00-04:00,1279.039306640625,1279.039306640625,1276.030029296875,1276.6650390625,27804,0.0,0.0
2025-07-02 13:10:00-04:00,1277.0799560546875,1278.9998779296875,1277.0799560546875,1278.1400146484375,27527,0.0,0.0
2025-07-02 13:15:00-04:00,1277.7601318359375,1277.8349609375,1275.239990234375,1275.864990234375,23206,0.0,0.0
2025-07-02 13:20:00-04:00,1275.1600341796875,1275.6800537109375,1273.3199462890625,1273.5,44017,0.0,0.0
2025-07-02 13:25:00-04:00,1273.3699951171875,1274.27001953125,1271.5899658203125,1271.6199951171875,58999,0.0,0.0
2025-07-02 13:30:00-04:00,1272.3699951171875,1277.114990234375,1272.0,1277.010009765625,36830,0.0,0.0
2025-07-02 13:35:00-04:00,1277.25,1278.614990234375,1276.074951171875,1278.614990234375,23521,0.0,0.0
2025-07-02 13:40:00-04:00,1278.75,1280.33984375,1278.5350341796875,1279.5999755859375,17143,0.0,0.0
2025-07-02 13:45:00-04:00,1280.31494140625,1282.4200439453125,1279.949951171875,1282.22998046875,40885,0.0,0.0
2025-07-02 13:50:00-04:00,1282.5,1283.1949462890625,1281.3779296875,1282.02001953125,26475,0.0,0.0
2025-07-02 13:55:00-04:00,1282.08642578125,1282.9998779296875,1279.800048828125,1279.800048828125,34233,0.0,0.0
2025-07-02 14:00:00-04:00,1278.64013671875,1280.609619140625,1278.64013671875,1280.0,28021,0.0,0.0
2025-07-02 14:05:00-04:00,1279.7550048828125,1281.0599365234375,1279.614990234375,1279.77001953125,21277,0.0,0.0
2025-07-02 14:10:00-04:00,1279.4549560546875,1279.9000244140625,1278.4599609375,1279.9000244140625,20425,0.0,0.0
2025-07-02 14:15:00-04:00,1280.1099853515625,1280.4100341796875,1278.2432861328125,1279.18896484375,8011,0.0,0.0
2025-07-02 14:20:00-04:00,1279.204833984375,1279.204833984375,1278.239990234375,1278.5,12650,0.0,0.0
2025-07-02 14:25:00-04:00,1279.4300537109375,1279.4454345703125,1278.0101318359375,1278.2900390625,12126,0.0,0.0
2025-07-02 14:30:00-04:00,1278.5799560546875,1280.030029296875,1278.0001220703125,1279.530029296875,24425,0.0,0.0
2025-07-02 14:35:00-04:00,1279.6199951171875,1280.2298583984375,1277.5,1277.5,10328,0.0,0.0
2025-07-02 14:40:00-04:00,1277.550048828125,1278.0899658203125,1275.3900146484375,1277.81005859375,30081,0.0,0.0
2025-07-02 14:45:00-04:00,1278.175048828125,1278.8699951171875,1277.3175048828125,1278.469970703125,17301,0.0,0.0
2025-07-02 14:50:00-04:00,1278.8599853515625,1280.260009765625,1278.6309814453125,1279.6600341796875,19195,0.0,0.0
2025-07-02 14:55:00-04:00,1279.5999755859375,1281.094970703125,1279.580078125,1280.71875,15757,0.0,0.0
2025-07-02 15:00:00-04:00,1280.8699951171875,1282.0699462890625,1280.0301513671875,1281.7349853515625,16538,0.0,0.0
2025-07-02 15:05:00-04:00,1281.7099609375,1281.739990234375,1280.93994140625,1281.4000244140625,9381,0.0,0.0
2025-07-02 15:10:00-04:00,1282.1300048828125,1282.1300048828125,1279.2239990234375,1279.2239990234375,14810,0.0,0.0
2025-07-02 15:15:00-04:00,1279.4749755859375,1280.4300537109375,1279.4749755859375,1280.135009765625,17197,0.0,0.0
2025-07-02 15:20:00-04:00,1280.1400146484375,1281.8271484375,1280.1400146484375,1281.8271484375,13198,0.0,0.0
2025-07-02 15:25:00-04:00,1282.0849609375,1284.699951171875,1281.5301513671875,1284.1400146484375,22928,0.0,0.0
2025-07-02 15:30:00-04:00,1284.25,1285.4749755859375,1283.7408447265625,1284.81005859375,31597,0.0,0.0
2025-07-02 15:35:00-04:00,1284.7900390625,1284.925048828125,1283.9100341796875,1284.0350341796875,29357,0.0,0.0
2025-07-02 15:40:00-04:00,1284.1700439453125,1284.699951171875,1283.4000244140625,1283.969970703125,25864,0.0,0.0
2025-07-02 15:45:00-04:00,1284.0,1284.0,1281.9300537109375,1282.0274658203125,26940,0.0,0.0
2025-07-02 15:50:00-04:00,1282.5799560546875,1284.75,1282.530029296875,1282.9100341796875,61462,0.0,0.0
2025-07-02 15:55:00-04:00,1283.844970703125,1284.8699951171875,1282.4000244140625,1284.8699951171875,206098,0.0,0.0
2025-07-03 09:30:00-04:00,1291.8299560546875,1294.72998046875,1285.5999755859375,1289.699951171875,123572,0.0,0.0
2025-07-03 09:35:00-04:00,1288.6500244140625,1290.6800537109375,1280.22998046875,1281.6099853515625,56928,0.0,0.0
2025-07-03 09:40:00-04:00,1281.4150390625,1286.780029296875,1279.760009765625,1286.780029296875,47862,0.0,0.0
2025-07-03 09:45:00-04:00,1287.5,1287.5,1284.6500244140625,1284.6500244140625,6990,0.0,0.0
2025-07-03 09:50:00-04:00,1289.1500244140625,1289.6302490234375,1286.5899658203125,1288.3968505859375,62408,0.0,0.0
2025-07-03 09:55:00-04:00,1286.2349853515625,1289.3499755859375,1286.0,1287.090087890625,46799,0.0,0.0
2025-07-03 10:00:00-04:00,1288.2049560546875,1292.0,1288.2049560546875,1291.8349609375,51200,0.0,0.0
2025-07-03 10:05:00-04:00,1291.52001953125,1293.9449462890625,1291.52001953125,1292.9599609375,51648,0.0,0.0
2025-07-03 10:10:00-04:00,1292.469970703125,1295.260009765625,1292.3299560546875,1295.062255859375,42760,0.0,0.0
2025-07-03 10:15:00-04:00,1295.2750244140625,1298.8299560546875,1294.8800048828125,1297.6199951171875,83007,0.0,0.0
2025-07-03 10:20:00-04:00,1298.0,1298.0408935546875,1293.2850341796875,1293.9031982421875,40861,0.0,0.0
2025-07-03 10:25:00-04:00,1295.159912109375,1296.6300048828125,1293.8699951171875,1296.3399658203125,34516,0.0,0.0
2025-07-03 10:30:00-04:00,1296.3167724609375,1297.0,1295.0899658203125,1296.9100341796875,31445,0.0,0.0
2025-07-03 10:35:00-04:00,1296.699951171875,1297.2899169921875,1293.5999755859375,1294.4044189453125,26856,0.0,0.0
2025-07-03 10:40:00-04:00,1294.75,1295.9998779296875,1291.760009765625,1291.760009765625,106222,0.0,0.0
2025-07-03 10:45:00-04:00,1291.8399658203125,1293.989990234375,1291.8399658203125,1293.4642333984375,20584,0.0,0.0
2025-07-03 10:50:00-04:00,1292.9847412109375,1296.5,1292.8499755859375,1296.5,24913,0.0,0.0
2025-07-03 10:55:00-04:00,1296.639892578125,1296.639892578125,1294.4200439453125,1294.4599609375,18598,0.0,0.0
2025-07-03 11:00:00-04:00,1293.9599609375,1294.574951171875,1292.91015625,1293.123046875,27018,0.0,0.0
2025-07-03 11:05:00-04:00,1293.5,1295.9300537109375,1293.0,1294.885009765625,24058,0.0,0.0
2025-07-03 11:10:00-04:00,1294.9300537109375,1296.0550537109375,1294.5250244140625,1296.0400390625,15228,0.0,0.0
2025-07-03 11:15:00-04:00,1295.6500244140625,1296.6199951171875,1294.8299560546875,1296.0098876953125,17923,0.0,0.0
2025-07-03 11:20:00-04:00,1295.4300537109375,1297.264892578125,1295.4200439453125,1297.0050048828125,25098,0.0,0.0
2025-07-03 11:25:00-04:00,1296.949951171875,1298.561767578125,1296.824951171875,1298.070068359375,37942,0.0,0.0
2025-07-03 11:30:00-04:00,1298.5411376953125,1298.5411376953125,1297.0699462890625,1297.3299560546875,17473,0.0,0.0
2025-07-03 11:35:00-04:00,1297.27001953125,1298.5799560546875,1296.4200439453125,1297.739990234375,15757,0.0,0.0
2025-07-03 11:40:00-04:00,1297.739990234375,1298.739990234375,1297.43994140625,1298.0389404296875,21405,0.0,0.0
2025-07-03 11:45:00-04:00,1298.969970703125,1299.1099853515625,1298.000732421875,1298.8900146484375,22058,0.0,0.0
2025-07-03 11:50:00-04:00,1299.239990234375,1300.619873046875,1298.9849853515625,1299.1400146484375,33283,0.0,0.0
2025-07-03 11:55:00-04:00,1299.330322265625,1299.60986328125,1298.0,1298.3900146484375,25658,0.0,0.0
2025-07-03 12:00:00-04:00,1298.5899658203125,1300.989990234375,1298.5899658203125,1299.7900390625,26964,0.0,0.0
2025-07-03 12:05:00-04:00,1300.9000244140625,1302.2099609375,1300.5,1301.18505859375,28867,0.0,0.0
2025-07-03 12:10:00-04:00,1301.18505859375,1302.2049560546875,1301.1400146484375,1301.1400146484375,26999,0.0,0.0
2025-07-03 12:15:00-04:00,1300.9300537109375,1301.31005859375,1299.3499755859375,1300.530029296875,30619,0.0,0.0
2025-07-03 12:20:00-04:00,1300.199951171875,1301.5,1299.175048828125,1299.8699951171875,35793,0.0,0.0
2025-07-03 12:25:00-04:00,1300.2677001953125,1301.1400146484375,1299.8575439453125,1300.3299560546875,26076,0.0,0.0
2025-07-03 12:30:00-04:00,1299.43994140625,1299.7484130859375,1298.330078125,1299.1600341796875,25644,0.0,0.0
2025-07-03 12:35:00-04:00,1299.41748046875,1300.0,1299.0799560546875,1299.469970703125,37058,0.0,0.0
2025-07-03 12:40:00-04:00,1299.550048828125,1299.72998046875,1297.510009765625,1298.280029296875,27768,0.0,0.0
2025-07-03 12:45:00-04:00,1298.3299560546875,1298.5699462890625,1295.77001953125,1296.1624755859375,36459,0.0,0.0
2025-07-03 12:50:00-04:00,1295.5,1295.7470703125,1292.18994140625,1292.9599609375,69010,0.0,0.0
2025-07-03 12:55:00-04:00,1293.7099609375,1298.1199951171875,1293.1700439453125,1297.1800537109375,122584,0.0,0.0
2025-07-07 09:30:00-04:00,1293.4649658203125,1295.0,1280.199951171875,1282.7650146484375,95150,0.0,0.0
2025-07-07 09:35:00-04:00,1288.385009765625,1288.385009765625,1284.280029296875,1285.0,100804,0.0,0.0
2025-07-07 09:40:00-04:00,1283.9400634765625,1289.68994140625,1283.9400634765625,1287.6300048828125,46363,0.0,0.0
2025-07-07 09:45:00-04:00,1286.9300537109375,1289.6309814453125,1285.5550537109375,1286.425048828125,47238,0.0,0.0
2025-07-07 09:50:00-04:00,1286.425048828125,1290.4200439453125,1286.425048828125,1289.9300537109375,42075,0.0,0.0
2025-07-07 09:55:00-04:00,1291.1500244140625,1291.1561279296875,1288.43994140625,1289.0799560546875,33211,0.0,0.0
2025-07-07 10:00:00-04:00,1288.3699951171875,1289.1500244140625,1282.7049560546875,1283.800048828125,36404,0.0,0.0
2025-07-07 10:05:00-04:00,1283.93994140625,1284.31005859375,1279.52001953125,1280.7550048828125,79863,0.0,0.0
2025-07-07 10:10:00-04:00,1280.7550048828125,1283.2691650390625,1280.7550048828125,1281.3800048828125,37688,0.0,0.0
2025-07-07 10:15:00-04:00,1280.77001953125,1280.77001953125,1276.02001953125,1279.489990234375,73417,0.0,0.0
2025-07-07 10:20:00-04:00,1279.9300537109375,1280.5926513671875,1278.93994140625,1279.2501220703125,24340,0.0,0.0
2025-07-07 10:25:00-04:00,1279.6500244140625,1283.9749755859375,1279.449951171875,1282.8199462890625,37928,0.0,0.0
2025-07-07 10:30:00-04:00,1282.550048828125,1284.1700439453125,1282.0999755859375,1283.52001953125,22094,0.0,0.0
2025-07-07 10:35:00-04:00,1283.394775390625,1284.9510498046875,1281.900146484375,1282.360107421875,35187,0.0,0.0
2025-07-07 10:40:00-04:00,1283.175537109375,1283.316650390625,1281.0400390625,1282.1199951171875,20997,0.0,0.0
2025-07-07 10:45:00-04:00,1282.510009765625,1284.5,1282.2449951171875,1284.31005859375,32684,0.0,0.0
2025-07-07 10:50:00-04:00,1283.6236572265625,1285.0,1283.27001953125,1283.8399658203125,27732,0.0,0.0
2025-07-07 10:55:00-04:00,1283.5250244140625,1283.5250244140625,1281.5400390625,1282.31494140625,13724,0.0,0.0
2025-07-07 11:00:00-04:00,1281.699951171875,1284.060791015625,1281.699951171875,1283.4000244140625,17779,0.0,0.0
2025-07-07 11:05:00-04:00,1283.9100341796875,1284.4698486328125,1282.0206298828125,1284.4698486328125,18019,0.0,0.0
2025-07-07 11:10:00-04:00,1282.9500732421875,1283.18994140625,1282.260009765625,1282.7550048828125,10317,0.0,0.0
2025-07-07 11:15:00-04:00,1282.7550048828125,1283.2650146484375,1282.1800537109375,1282.530029296875,17151,0.0,0.0
2025-07-07 11:20:00-04:00,1282.280029296875,1282.7099609375,1281.949951171875,1282.06005859375,21232,0.0,0.0
2025-07-07 11:25:00-04:00,1282.4849853515625,1284.72998046875,1282.1300048828125,1284.72998046875,20788,0.0,0.0
2025-07-07 11:30:00-04:00,1284.686767578125,1285.409912109375,1284.25,1284.4549560546875,19495,0.0,0.0
2025-07-07 11:35:00-04:00,1284.010009765625,1286.5,1283.97998046875,1286.486572265625,21921,0.0,0.0
2025-07-07 11:40:00-04:00,1285.469970703125,1287.80712890625,1285.469970703125,1286.3399658203125,32481,0.0,0.0
2025-07-07 11:45:00-04:00,1286.3399658203125,1287.0899658203125,1285.260009765625,1287.0018310546875,19045,0.0,0.0
2025-07-07 11:50:00-04:00,1286.93994140625,1287.4998779296875,1286.175048828125,1286.5,11244,0.0,0.0
2025-07-07 11:55:00-04:00,1286.7904052734375,1289.0,1285.8599853515625,1288.468994140625,18839,0.0,0.0
2025-07-07 12:00:00-04:00,1288.1600341796875,1288.8768310546875,1287.4300537109375,1287.699951171875,13865,0.0,0.0
2025-07-07 12:05:00-04:00,1288.4720458984375,1288.864990234375,1288.260009765625,1288.5599365234375,14979,0.0,0.0
2025-07-07 12:10:00-04:00,1288.81005859375,1288.97998046875,1288.1900634765625,1288.3900146484375,15052,0.0,0.0
2025-07-07 12:15:00-04:00,1288.6700439453125,1289.2298583984375,1285.8699951171875,1287.385009765625,28512,0.0,0.0
2025-07-07 12:20:00-04:00,1287.4599609375,1287.4649658203125,1285.280029296875,1286.280029296875,22478,0.0,0.0
2025-07-07 12:25:00-04:00,1286.18994140625,1288.31494140625,1285.489990234375,1287.6650390625,19219,0.0,0.0
2025-07-07 12:30:00-04:00,1286.6600341796875,1288.302490234375,1285.610107421875,1288.0400390625,14876,0.0,0.0
2025-07-07 12:35:00-04:00,1288.09521484375,1288.5069580078125,1286.9300537109375,1287.77001953125,12355,0.0,0.0
2025-07-07 12:40:00-04:00,1288.3399658203125,1288.3499755859375,1286.741455078125,1287.6300048828125,15562,0.0,0.0
2025-07-07 12:45:00-04:00,1287.1300048828125,1287.5050048828125,1285.6900634765625,1286.550048828125,13580,0.0,0.0
2025-07-07 12:50:00-04:00,1286.93994140625,1288.437255859375,1286.780029296875,1288.06494140625,18509,0.0,0.0
2025-07-07 12:55:00-04:00,1288.06494140625,1290.8199462890625,1288.0550537109375,1290.0699462890625,38219,0.0,0.0
2025-07-07 13:00:00-04:00,1290.1923828125,1290.5,1288.6099853515625,1288.6099853515625,18828,0.0,0.0
2025-07-07 13:05:00-04:00,1288.6500244140625,1290.0,1288.1600341796875,1290.0,15389,0.0,0.0
2025-07-07 13:10:00-04:00,1290.0,1291.6400146484375,1289.7674560546875,1290.280029296875,19061,0.0,0.0
2025-07-07 13:15:00-04:00,1290.8499755859375,1291.0,1290.2099609375,1290.260009765625,8111,0.0,0.0
2025-07-07 13:20:00-04:00,1290.5999755859375,1291.1199951171875,1289.375,1289.77001953125,17846,0.0,0.0
2025-07-07 13:25:00-04:00,1289.89501953125,1289.89501953125,1288.41015625,1288.41015625,5302,0.0,0.0
2025-07-07 13:30:00-04:00,1288.8900146484375,1290.77001953125,1288.7000732421875,1290.760009765625,26303,0.0,0.0
2025-07-07 13:35:00-04:00,1290.52001953125,1291.3765869140625,1289.5999755859375,1290.675048828125,14287,0.0,0.0
2025-07-07 13:40:00-04:00,1290.699951171875,1290.699951171875,1288.949951171875,1289.0400390625,22288,0.0,0.0
2025-07-07 13:45:00-04:00,1289.5699462890625,1290.050048828125,1289.260009765625,1289.635009765625,11729,0.0,0.0
2025-07-07 13:50:00-04:00,1289.3399658203125,1289.3399658203125,1288.56005859375,1288.9300537109375,8027,0.0,0.0
2025-07-07 13:55:00-04:00,1288.9100341796875,1289.3431396484375,1288.9100341796875,1288.9749755859375,5821,0.0,0.0
2025-07-07 14:00:00-04:00,1289.0400390625,1289.8399658203125,1288.2501220703125,1288.550048828125,16970,0.0,0.0
2025-07-07 14:05:00-04:00,1288.68994140625,1289.135009765625,1288.1199951171875,1288.5550537109375,8589,0.0,0.0
2025-07-07 14:10:00-04:00,1288.760009765625,1289.6435546875,1288.461669921875,1289.155029296875,7438,0.0,0.0
2025-07-07 14:15:00-04:00,1288.6300048828125,1288.8619384765625,1286.6300048828125,1287.989990234375,15584,0.0,0.0
2025-07-07 14:20:00-04:00,1287.9627685546875,1288.2249755859375,1287.010009765625,1288.2249755859375,11551,0.0,0.0
2025-07-07 14:25:00-04:00,1288.9300537109375,1289.2672119140625,1286.6500244140625,1286.6500244140625,9378,0.0,0.0
2025-07-07 14:30:00-04:00,1286.9949951171875,1288.800048828125,1286.0089111328125,1288.800048828125,11673,0.0,0.0
2025-07-07 14:35:00-04:00,1287.9599609375,1287.989990234375,1287.72998046875,1287.739990234375,7478,0.0,0.0
2025-07-07 14:40:00-04:00,1287.7550048828125,1288.199951171875,1287.280029296875,1287.800048828125,13188,0.0,0.0
2025-07-07 14:45:00-04:00,1288.489990234375,1290.2498779296875,1288.489990234375,1289.31005859375,19570,0.0,0.0
2025-07-07 14:50:00-04:00,1289.02001953125,1290.49267578125,1288.91015625,1289.7601318359375,13470,0.0,0.0
2025-07-07 14:55:00-04:00,1289.5400390625,1290.0699462890625,1289.5400390625,1289.9749755859375,12950,0.0,0.0
2025-07-07 15:00:00-04:00,1289.97998046875,1290.974609375,1289.2376708984375,1289.614990234375,17010,0.0,0.0
2025-07-07 15:05:00-04:00,1289.77001953125,1290.1600341796875,1289.2713623046875,1289.324951171875,12846,0.0,0.0
2025-07-07 15:10:00-04:00,1289.6800537109375,1289.760009765625,1289.0899658203125,1289.3135986328125,15120,0.0,0.0
2025-07-07 15:15:00-04:00,1289.6199951171875,1289.6199951171875,1288.81005859375,1288.81005859375,9557,0.0,0.0
2025-07-07 15:20:00-04:00,1288.9949951171875,1289.4100341796875,1288.5382080078125,1288.996826171875,11764,0.0,0.0
2025-07-07 15:25:00-04:00,1289.699951171875,1290.239990234375,1289.300048828125,1289.7900390625,15334,0.0,0.0
2025-07-07 15:30:00-04:00,1289.9300537109375,1290.0,1289.0899658203125,1289.31005859375,14142,0.0,0.0
2025-07-07 15:35:00-04:00,1289.6400146484375,1289.6500244140625,1288.800048828125,1289.6500244140625,16155,0.0,0.0
2025-07-07 15:40:00-04:00,1289.489990234375,1290.3599853515625,1289.1800537109375,1289.9849853515625,22285,0.0,0.0
2025-07-07 15:45:00-04:00,1289.949951171875,1289.989990234375,1288.800048828125,1289.449951171875,26721,0.0,0.0
2025-07-07 15:50:00-04:00,1289.844970703125,1289.844970703125,1286.6199951171875,1286.699951171875,47199,0.0,0.0
2025-07-07 15:55:00-04:00,1286.949951171875,1289.800048828125,1286.949951171875,1289.0699462890625,115206,0.0,0.0
2025-07-08 09:30:00-04:00,1290.9000244140625,1291.56005859375,1284.0,1284.0999755859375,99967,0.0,0.0
2025-07-08 09:35:00-04:00,1285.344970703125,1288.5491943359375,1285.344970703125,1285.8699951171875,49896,0.0,0.0
2025-07-08 09:40:00-04:00,1286.10498046875,1287.239990234375,1280.2294921875,1282.0,39204,0.0,0.0
2025-07-08 09:45:00-04:00,1281.9000244140625,1283.5,1280.25,1281.0250244140625,52650,0.0,0.0
2025-07-08 09:50:00-04:00,1281.218017578125,1281.885009765625,1278.5699462890625,1280.0,41248,0.0,0.0
2025-07-08 09:55:00-04:00,1280.1300048828125,1281.030029296875,1275.06494140625,1275.625,54867,0.0,0.0
2025-07-08 10:00:00-04:00,1276.240966796875,1280.949951171875,1275.0,1278.885498046875,78073,0.0,0.0
2025-07-08 10:05:00-04:00,1278.9300537109375,1281.7298583984375,1278.0201416015625,1281.7298583984375,35262,0.0,0.0
2025-07-08 10:10:00-04:00,1280.8199462890625,1281.234619140625,1277.1800537109375,1277.72998046875,30859,0.0,0.0
2025-07-08 10:15:00-04:00,1277.0,1277.2449951171875,1274.489990234375,1276.5450439453125,55227,0.0,0.0
2025-07-08 10:20:00-04:00,1277.239990234375,1277.260009765625,1272.2342529296875,1272.2342529296875,36786,0.0,0.0
2025-07-08 10:25:00-04:00,1272.22998046875,1273.369873046875,1270.4000244140625,1272.719970703125,45772,0.0,0.0
2025-07-08 10:30:00-04:00,1272.030029296875,1273.2586669921875,1268.7049560546875,1270.77001953125,55373,0.0,0.0
2025-07-08 10:35:00-04:00,1271.89501953125,1273.47998046875,1270.7900390625,1273.0999755859375,45481,0.0,0.0
2025-07-08 10:40:00-04:00,1272.699951171875,1274.0,1271.0001220703125,1272.1800537109375,34200,0.0,0.0
2025-07-08 10:45:00-04:00,1272.050048828125,1272.1300048828125,1267.5999755859375,1268.29443359375,49495,0.0,0.0
2025-07-08 10:50:00-04:00,1268.0,1268.5400390625,1264.365478515625,1265.510009765625,51708,0.0,0.0
2025-07-08 10:55:00-04:00,1265.4200439453125,1266.349853515625,1263.050048828125,1264.9100341796875,65218,0.0,0.0
2025-07-08 11:00:00-04:00,1264.550048828125,1265.9296875,1263.0,1265.0986328125,41129,0.0,0.0
2025-07-08 11:05:00-04:00,1265.4649658203125,1265.969970703125,1261.1700439453125,1262.6199951171875,54500,0.0,0.0
2025-07-08 11:10:00-04:00,1262.1199951171875,1263.31494140625,1260.0,1260.4599609375,66971,0.0,0.0
2025-07-08 11:15:00-04:00,1261.2650146484375,1265.3900146484375,1260.169921875,1265.3900146484375,28951,0.0,0.0
2025-07-08 11:20:00-04:00,1264.5999755859375,1268.5,1264.5999755859375,1267.7900390625,34592,0.0,0.0
2025-07-08 11:25:00-04:00,1268.25,1272.9998779296875,1268.0,1272.629150390625,54030,0.0,0.0
2025-07-08 11:30:00-04:00,1273.1099853515625,1273.97998046875,1271.4041748046875,1273.0999755859375,26122,0.0,0.0
2025-07-08 11:35:00-04:00,1272.780029296875,1272.780029296875,1270.2099609375,1271.22998046875,37451,0.0,0.0
2025-07-08 11:40:00-04:00,1270.9300537109375,1273.4898681640625,1270.9300537109375,1272.1300048828125,18877,0.0,0.0
2025-07-08 11:45:00-04:00,1272.550048828125,1272.9698486328125,1271.1287841796875,1272.2850341796875,16316,0.0,0.0
2025-07-08 11:50:00-04:00,1272.3599853515625,1272.5,1270.9700927734375,1272.18505859375,22302,0.0,0.0
2025-07-08 11:55:00-04:00,1271.5899658203125,1274.2349853515625,1271.300048828125,1274.2349853515625,16755,0.0,0.0
2025-07-08 12:00:00-04:00,1274.0,1276.085205078125,1274.0,1274.699951171875,24972,0.0,0.0
2025-07-08 12:05:00-04:00,1274.5,1275.989990234375,1274.300048828125,1275.6199951171875,24168,0.0,0.0
2025-07-08 12:10:00-04:00,1276.0,1276.9998779296875,1275.5999755859375,1276.3499755859375,13208,0.0,0.0
2025-07-08 12:15:00-04:00,1275.471923828125,1276.0,1274.9599609375,1275.68994140625,12111,0.0,0.0
2025-07-08 12:20:00-04:00,1275.22412109375,1275.8900146484375,1274.5250244140625,1275.0,28265,0.0,0.0
2025-07-08 12:25:00-04:00,1275.8900146484375,1275.8900146484375,1274.91015625,1275.1900634765625,10575,0.0,0.0
2025-07-08 12:30:00-04:00,1275.199951171875,1275.199951171875,1273.699951171875,1273.699951171875,9493,0.0,0.0
2025-07-08 12:35:00-04:00,1273.3499755859375,1273.77001953125,1271.3900146484375,1273.77001953125,11111,0.0,0.0
2025-07-08 12:40:00-04:00,1273.8699951171875,1274.5098876953125,1273.1099853515625,1273.811279296875,7339,0.0,0.0
2025-07-08 12:45:00-04:00,1274.2049560546875,1276.239990234375,1274.2049560546875,1275.280029296875,13205,0.0,0.0
2025-07-08 12:50:00-04:00,1275.8599853515625,1277.4000244140625,1275.699951171875,1276.9000244140625,11884,0.0,0.0
2025-07-08 12:55:00-04:00,1276.3499755859375,1277.0400390625,1276.190673828125,1276.8387451171875,10352,0.0,0.0
2025-07-08 13:00:00-04:00,1276.800048828125,1277.6650390625,1276.150146484375,1276.760498046875,15551,0.0,0.0
2025-07-08 13:05:00-04:00,1276.93994140625,1277.4134521484375,1275.5001220703125,1277.4134521484375,42728,0.0,0.0
2025-07-08 13:10:00-04:00,1276.8399658203125,1278.5699462890625,1276.8399658203125,1277.8900146484375,17371,0.0,0.0
2025-07-08 13:15:00-04:00,1277.260009765625,1277.5,1275.029296875,1275.9749755859375,10654,0.0,0.0
2025-07-08 13:20:00-04:00,1276.2020263671875,1276.5400390625,1275.2080078125,1276.2099609375,8664,0.0,0.0
2025-07-08 13:25:00-04:00,1276.1700439453125,1276.5450439453125,1275.6800537109375,1276.5450439453125,9112,0.0,0.0
2025-07-08 13:30:00-04:00,1276.3699951171875,1278.2010498046875,1276.3699951171875,1277.2449951171875,16091,0.0,0.0
2025-07-08 13:35:00-04:00,1277.18994140625,1277.427001953125,1276.9007568359375,1277.1300048828125,8826,0.0,0.0
2025-07-08 13:40:00-04:00,1277.780029296875,1278.5699462890625,1277.57666015625,1278.489990234375,12741,0.0,0.0
2025-07-08 13:45:00-04:00,1278.719970703125,1278.987060546875,1277.72998046875,1278.2232666015625,9427,0.0,0.0
2025-07-08 13:50:00-04:00,1277.2694091796875,1278.8798828125,1277.2694091796875,1278.8798828125,6381,0.0,0.0
2025-07-08 13:55:00-04:00,1278.3599853515625,1279.280029296875,1278.175048828125,1279.280029296875,15908,0.0,0.0
2025-07-08 14:00:00-04:00,1279.260009765625,1279.3599853515625,1277.760009765625,1278.3699951171875,30453,0.0,0.0
2025-07-08 14:05:00-04:00,1278.3699951171875,1278.4210205078125,1276.75,1276.780029296875,8580,0.0,0.0
2025-07-08 14:10:00-04:00,1277.175048828125,1277.5999755859375,1275.199951171875,1275.879150390625,12892,0.0,0.0
2025-07-08 14:15:00-04:00,1275.5550537109375,1275.5550537109375,1273.56005859375,1273.56005859375,14261,0.0,0.0
2025-07-08 14:20:00-04:00,1273.760009765625,1273.780029296875,1270.4649658203125,1273.6011962890625,27963,0.0,0.0
2025-07-08 14:25:00-04:00,1273.2049560546875,1273.64111328125,1271.9100341796875,1272.25,16032,0.0,0.0
2025-07-08 14:30:00-04:00,1272.1650390625,1273.3599853515625,1271.3299560546875,1272.1199951171875,11495,0.0,0.0
2025-07-08 14:35:00-04:00,1271.72998046875,1272.030029296875,1271.72998046875,1272.02001953125,8185,0.0,0.0
2025-07-08 14:40:00-04:00,1272.4200439453125,1272.4896240234375,1271.3699951171875,1271.408447265625,11207,0.0,0.0
2025-07-08 14:45:00-04:00,1271.989990234375,1272.5050048828125,1271.080078125,1272.06005859375,10638,0.0,0.0
2025-07-08 14:50:00-04:00,1271.9300537109375,1272.6700439453125,1271.7249755859375,1272.567138671875,11335,0.0,0.0
2025-07-08 14:55:00-04:00,1272.43505859375,1272.699951171875,1271.362548828125,1271.362548828125,7184,0.0,0.0
2025-07-08 15:00:00-04:00,1271.4129638671875,1271.5899658203125,1270.9100341796875,1271.300048828125,15594,0.0,0.0
2025-07-08 15:05:00-04:00,1271.8699951171875,1272.97998046875,1271.75,1272.06005859375,15121,0.0,0.0
2025-07-08 15:10:00-04:00,1271.949951171875,1271.9708251953125,1270.280029296875,1270.4200439453125,22144,0.0,0.0
2025-07-08 15:15:00-04:00,1270.4200439453125,1271.2313232421875,1269.93994140625,1271.2313232421875,29657,0.0,0.0
2025-07-08 15:20:00-04:00,1271.3699951171875,1271.5242919921875,1270.010009765625,1270.1099853515625,77244,0.0,0.0
2025-07-08 15:25:00-04:00,1270.4815673828125,1270.5068359375,1268.469970703125,1269.9100341796875,31548,0.0,0.0
2025-07-08 15:30:00-04:00,1269.6400146484375,1270.1500244140625,1268.5350341796875,1268.5400390625,42745,0.0,0.0
2025-07-08 15:35:00-04:00,1268.6199951171875,1268.8768310546875,1266.6800537109375,1267.0506591796875,54307,0.0,0.0
2025-07-08 15:40:00-04:00,1266.9000244140625,1267.9300537109375,1266.0400390625,1266.0400390625,47103,0.0,0.0
2025-07-08 15:45:00-04:00,1266.0,1268.11279296875,1265.3299560546875,1267.43994140625,47106,0.0,0.0
2025-07-08 15:50:00-04:00,1267.6090087890625,1272.93505859375,1266.8599853515625,1272.93505859375,111197,0.0,0.0
2025-07-08 15:55:00-04:00,1272.449951171875,1275.3499755859375,1272.0079345703125,1275.0999755859375,249450,0.0,0.0
